Page,Code,College Name,Branch,OC,BC,BCM,MBC,SC,SCA,ST
21,1420,"Tagore Engineering College, Rathinamangalam, Vandalur, Kanchipuram, Chennai-600127.",MECHANICAL ENGINEERING,118.5,110.5*,—,81.5*,—,—,—
21,1420,"Tagore Engineering College, Rathinamangalam, Vandalur, Kanchipuram, Chennai-600127.",Computer Science and Engineering (Cyber Security),149.5,134.0,147.5,137.0,123.5,—,—
21,1421,"V.R.S. College of Engineering and Technology, Arasur & Post, Ulundurpet Taluk, Villupuram District-607107.",CIVIL ENGINEERING,101.5,—,—,—,90.5*,—,—
21,1421,"V.R.S. College of Engineering and Technology, Arasur & Post, Ulundurpet Taluk, Villupuram District-607107.",COMPUTER SCIENCE AND ENGINEERING,147.5,101.0*,118.5,138.0,118.0,105.0*,—
21,1421,"V.R.S. College of Engineering and Technology, Arasur & Post, Ulundurpet Taluk, Villupuram District-607107.",ELECTRONICS AND COMMUNICATION ENGINEERING,133.0,94.0*,119.0,120.5,114.0,—,—
21,1421,"V.R.S. College of Engineering and Technology, Arasur & Post, Ulundurpet Taluk, Villupuram District-607107.",ELECTRICAL AND ELECTRONICS ENGINEERING,118.0,88.5*,101.0*,84.0*,106.0,—,—
21,1421,"V.R.S. College of Engineering and Technology, Arasur & Post, Ulundurpet Taluk, Villupuram District-607107.",INFORMATION TECHNOLOGY,135.0,98.5*,116.0,122.0,118.0,131.5*,—
21,1421,"V.R.S. College of Engineering and Technology, Arasur & Post, Ulundurpet Taluk, Villupuram District-607107.",MECHANICAL ENGINEERING,117.5,105.5*,—,101.0*,89.0,—,—
21,1422,"SRM Valliammai Engineering College (Autonomous), S.R.M. Nagar, Kattankulathur, Chengalpattu, Kancheepuram, Chennai-603203.",Artificial Intelligence and Data Science,183.5,179.0,178.0,176.5,158.0,169.5,—
21,1422,"SRM Valliammai Engineering College (Autonomous), S.R.M. Nagar, Kattankulathur, Chengalpattu, Kancheepuram, Chennai-603203.",AGRICULTURAL ENGINEERING,146.0,119.0,105.0,119.5,117.5*,—,—
21,1422,"SRM Valliammai Engineering College (Autonomous), S.R.M. Nagar, Kattankulathur, Chengalpattu, Kancheepuram, Chennai-603203.",CIVIL ENGINEERING,163.0,154.5,160.5,153.5,140.5,—,123.5
21,1422,"SRM Valliammai Engineering College (Autonomous), S.R.M. Nagar, Kattankulathur, Chengalpattu, Kancheepuram, Chennai-603203.",COMPUTER SCIENCE AND ENGINEERING,184.5,178.5,178.0,178.0,161.5,141.5,144.0
21,1422,"SRM Valliammai Engineering College (Autonomous), S.R.M. Nagar, Kattankulathur, Chengalpattu, Kancheepuram, Chennai-603203.",Cyber Security,180.5,176.0,173.5,174.0,157.0,117.0,—
21,1422,"SRM Valliammai Engineering College (Autonomous), S.R.M. Nagar, Kattankulathur, Chengalpattu, Kancheepuram, Chennai-603203.",ELECTRONICS AND COMMUNICATION ENGINEERING,179.5,175.0,173.5,174.5,155.0,119.0,126.5
21,1422,"SRM Valliammai Engineering College (Autonomous), S.R.M. Nagar, Kattankulathur, Chengalpattu, Kancheepuram, Chennai-603203.",ELECTRICAL AND ELECTRONICS ENGINEERING,174.0,169.5,171.0,167.0,139.0,—,—
21,1422,"SRM Valliammai Engineering College (Autonomous), S.R.M. Nagar, Kattankulathur, Chengalpattu, Kancheepuram, Chennai-603203.",ELECTRONICS AND INSTRUMENTATION ENGINEERING,168.5,165.0,160.0,159.5,135.5,—,—
21,1422,"SRM Valliammai Engineering College (Autonomous), S.R.M. Nagar, Kattankulathur, Chengalpattu, Kancheepuram, Chennai-603203.",INFORMATION TECHNOLOGY,180.5,176.5,175.0,174.5,158.5,108.5,—
21,1422,"SRM Valliammai Engineering College (Autonomous), S.R.M. Nagar, Kattankulathur, Chengalpattu, Kancheepuram, Chennai-603203.",MEDICAL ELECTRONICS ENGINEERING,159.5,141.5,140.0,135.5,119.5,—,—
21,1422,"SRM Valliammai Engineering College (Autonomous), S.R.M. Nagar, Kattankulathur, Chengalpattu, Kancheepuram, Chennai-603203.",MECHANICAL ENGINEERING,167.5,162.5,162.0,157.0,144.0,—,—
21,1423,"Asan Memorial College of Engineering and Technology, Asan Nagar, 9th kilometer, Chengalpattu - Mahabalipuram Highway, Post Box No.6, Chengalpattu-603001.",Artificial Intelligence and Data Science,148.5,116.5*,109.5,88.0,138.5,—,—
21,1423,"Asan Memorial College of Engineering and Technology, Asan Nagar, 9th kilometer, Chengalpattu - Mahabalipuram Highway, Post Box No.6, Chengalpattu-603001.",COMPUTER SCIENCE AND ENGINEERING,144.0,113.5*,—,109.0,88.5,—,—
21,1423,"Asan Memorial College of Engineering and Technology, Asan Nagar, 9th kilometer, Chengalpattu - Mahabalipuram Highway, Post Box No.6, Chengalpattu-603001.",ELECTRONICS AND COMMUNICATION ENGINEERING,130.0,99.5*,—,117.5,103.5*,—,—
21,1423,"Asan Memorial College of Engineering and Technology, Asan Nagar, 9th kilometer, Chengalpattu - Mahabalipuram Highway, Post Box No.6, Chengalpattu-603001.",INFORMATION TECHNOLOGY,127.0,80.0*,95.0*,89.5,94.5,—,123.5
21,1423,"Asan Memorial College of Engineering and Technology, Asan Nagar, 9th kilometer, Chengalpattu - Mahabalipuram Highway, Post Box No.6, Chengalpattu-603001.",MECHANICAL ENGINEERING,127.5,93.5*,—,105.0*,108.0,—,—
21,1423,"Asan Memorial College of Engineering and Technology, Asan Nagar, 9th kilometer, Chengalpattu - Mahabalipuram Highway, Post Box No.6, Chengalpattu-603001.",Computer Science and Engineering (Cyber Security),113.0,95.0*,—,82.0*,88.5*,—,—
21,1424,"Dhaanish Ahmed College of Engineering, Dhaanish Nagar, Vanchuvancherry, Padappai(Near Tambaram), Sriperumbudur Taluk, Kancheepuram District-601301.",Artificial Intelligence and Data Science,184.0,153.0,166.0,144.5,109.5,—,—
21,1424,"Dhaanish Ahmed College of Engineering, Dhaanish Nagar, Vanchuvancherry, Padappai(Near Tambaram), Sriperumbudur Taluk, Kancheepuram District-601301.",COMPUTER SCIENCE AND BUSSINESS SYSTEM,179.5,155.5,167.5,149.0,138.0,—,—
21,1424,"Dhaanish Ahmed College of Engineering, Dhaanish Nagar, Vanchuvancherry, Padappai(Near Tambaram), Sriperumbudur Taluk, Kancheepuram District-601301.",COMPUTER SCIENCE AND ENGINEERING,182.5,160.0,176.5,154.0,94.5*,—,—
21,1424,"Dhaanish Ahmed College of Engineering, Dhaanish Nagar, Vanchuvancherry, Padappai(Near Tambaram), Sriperumbudur Taluk, Kancheepuram District-601301.",ELECTRONICS AND COMMUNICATION ENGINEERING,182.0,162.5,181.5,159.0,108.0*,—,—
21,1424,"Dhaanish Ahmed College of Engineering, Dhaanish Nagar, Vanchuvancherry, Padappai(Near Tambaram), Sriperumbudur Taluk, Kancheepuram District-601301.",ELECTRICAL AND ELECTRONICS ENGINEERING,164.5,148.0,—,125.0,123.5*,—,—
21,1424,"Dhaanish Ahmed College of Engineering, Dhaanish Nagar, Vanchuvancherry, Padappai(Near Tambaram), Sriperumbudur Taluk, Kancheepuram District-601301.",PETROLEUM ENGINEERING,144.0,132.5*,149.5,111.0,103.0*,—,—
21,1424,"Dhaanish Ahmed College of Engineering, Dhaanish Nagar, Vanchuvancherry, Padappai(Near Tambaram), Sriperumbudur Taluk, Kancheepuram District-601301.",ROBOTICS AND AUTOMATION,153.0,145.5,149.0,152.5*,86.0*,—,—
21,1426,"Sri Ramanujar Engineering College, Vandalur, Kolapakkam, Kanchipuram, Chennai-600127.",Artificial Intelligence and Data Science,144.5,93.5,101.0*,127.5,119.5*,—,—
21,1426,"Sri Ramanujar Engineering College, Vandalur, Kolapakkam, Kanchipuram, Chennai-600127.",COMPUTER SCIENCE AND BUSSINESS SYSTEM,112.0,89.0*,104.0,—,102.5*,—,—
21,1426,"Sri Ramanujar Engineering College, Vandalur, Kolapakkam, Kanchipuram, Chennai-600127.",COMPUTER SCIENCE AND ENGINEERING,140.5,107.0*,114.0*,124.5*,117.5*,128.5*,—
21,1426,"Sri Ramanujar Engineering College, Vandalur, Kolapakkam, Kanchipuram, Chennai-600127.",ELECTRONICS AND COMMUNICATION ENGINEERING,134.5,120.0*,—,126.0*,99.0*,—,—
21,1426,"Sri Ramanujar Engineering College, Vandalur, Kolapakkam, Kanchipuram, Chennai-600127.",ELECTRICAL AND ELECTRONICS ENGINEERING,109.5,104.0*,—,106.5*,—,—,—
21,1426,"Sri Ramanujar Engineering College, Vandalur, Kolapakkam, Kanchipuram, Chennai-600127.",INFORMATION TECHNOLOGY,124.0,104.5*,106.0*,114.0*,111.5*,110.5,—
21,1426,"Sri Ramanujar Engineering College, Vandalur, Kolapakkam, Kanchipuram, Chennai-600127.",MECHANICAL ENGINEERING,97.5*,—,—,—,—,—,—
21,1427,"Sri Krishna Engineering College, Panapakkam Near Padappai Via Tambaram, Kanchipuram, Chennai-601301.",Artificial Intelligence and Data Science,147.0,107.5*,—,106.0*,129.5,—,—
21,1427,"Sri Krishna Engineering College, Panapakkam Near Padappai Via Tambaram, Kanchipuram, Chennai-601301.",COMPUTER SCIENCE AND ENGINEERING,133.5,106.0*,—,103.0*,121.5*,—,—
21,1427,"Sri Krishna Engineering College, Panapakkam Near Padappai Via Tambaram, Kanchipuram, Chennai-601301.",ELECTRONICS AND COMMUNICATION ENGINEERING,94.5*,—,—,—,—,—,—
21,1427,"Sri Krishna Engineering College, Panapakkam Near Padappai Via Tambaram, Kanchipuram, Chennai-601301.",ELECTRICAL AND ELECTRONICS ENGINEERING,91.5*,—,—,—,—,—,—
21,1427,"Sri Krishna Engineering College, Panapakkam Near Padappai Via Tambaram, Kanchipuram, Chennai-601301.",FASHION TECHNOLOGY,88.5*,—,—,—,—,—,—
21,1427,"Sri Krishna Engineering College, Panapakkam Near Padappai Via Tambaram, Kanchipuram, Chennai-601301.",INFORMATION TECHNOLOGY,145.0,114.0*,—,120.0*,107.0,—,—
21,1428,"E.S.College of Engineering and Technology, Chennai Trunk Road, Ayyankoilpattu, Villupuram-605602.",Artificial Intelligence and Data Science,100.0,—,—,96.0*,—,—,—
21,1428,"E.S.College of Engineering and Technology, Chennai Trunk Road, Ayyankoilpattu, Villupuram-605602.",COMPUTER SCIENCE AND ENGINEERING,118.0,99.0*,103.5*,100.5*,83.5*,—,—
21,1428,"E.S.College of Engineering and Technology, Chennai Trunk Road, Ayyankoilpattu, Villupuram-605602.",ELECTRONICS AND COMMUNICATION ENGINEERING,97.0*,—,—,—,—,—,—
21,1428,"E.S.College of Engineering and Technology, Chennai Trunk Road, Ayyankoilpattu, Villupuram-605602.",INFORMATION TECHNOLOGY,88.0*,—,—,—,—,—,—
21,1430,"Maha Barathi Engineering College, A. Vasudevanur (post), Chinnasalem, Kallakurichi (Taluk), Villupuram-606201.",Artificial Intelligence and Data Science,142.0,124.5*,112.5,110.0*,127.0,138.0*,—
22,1430,"Maha Barathi Engineering College, A. Vasudevanur (post), Chinnasalem, Kallakurichi (Taluk), Villupuram-606201.",CIVIL ENGINEERING,86.0*,—,—,—,—,—,—
22,1430,"Maha Barathi Engineering College, A. Vasudevanur (post), Chinnasalem, Kallakurichi (Taluk), Villupuram-606201.",COMPUTER SCIENCE AND ENGINEERING,126.5,92.5*,117.0*,84.0*,109.5,85.5*,86.0
22,1430,"Maha Barathi Engineering College, A. Vasudevanur (post), Chinnasalem, Kallakurichi (Taluk), Villupuram-606201.",ELECTRONICS AND COMMUNICATION ENGINEERING,117.0,94.5*,—,97.5*,99.5,94.5,—
22,1430,"Maha Barathi Engineering College, A. Vasudevanur (post), Chinnasalem, Kallakurichi (Taluk), Villupuram-606201.",ELECTRICAL AND ELECTRONICS ENGINEERING,96.0,89.5*,—,94.5*,88.5*,90.5*,—
22,1430,"Maha Barathi Engineering College, A. Vasudevanur (post), Chinnasalem, Kallakurichi (Taluk), Villupuram-606201.",MECHANICAL ENGINEERING,83.0*,—,—,—,—,—,—
22,1431,"New Prince Shri Bhavani College of Engineering and Technology (Autonomous), Vengaivasal Main Road, Gowrivakkam, Chennai-600073.",Artificial Intelligence and Data Science,150.5,131.5,129.0,130.5,121.0,118.5*,—
22,1431,"New Prince Shri Bhavani College of Engineering and Technology (Autonomous), Vengaivasal Main Road, Gowrivakkam, Chennai-600073.",COMPUTER SCIENCE AND ENGINEERING,151.0,125.0,136.0,130.0,118.0,—,—
22,1431,"New Prince Shri Bhavani College of Engineering and Technology (Autonomous), Vengaivasal Main Road, Gowrivakkam, Chennai-600073.",ELECTRONICS AND COMMUNICATION ENGINEERING,153.0,123.0,145.0,140.5,117.5,—,—
22,1431,"New Prince Shri Bhavani College of Engineering and Technology (Autonomous), Vengaivasal Main Road, Gowrivakkam, Chennai-600073.",ELECTRICAL AND ELECTRONICS ENGINEERING,131.0,119.0,129.0,123.5,113.5,—,—
22,1431,"New Prince Shri Bhavani College of Engineering and Technology (Autonomous), Vengaivasal Main Road, Gowrivakkam, Chennai-600073.",INFORMATION TECHNOLOGY,146.5,123.5,134.5,129.5,117.5,—,131.0
22,1431,"New Prince Shri Bhavani College of Engineering and Technology (Autonomous), Vengaivasal Main Road, Gowrivakkam, Chennai-600073.",MECHANICAL ENGINEERING,120.0,113.5,98.5,109.0,106.5,—,—
22,1431,"New Prince Shri Bhavani College of Engineering and Technology (Autonomous), Vengaivasal Main Road, Gowrivakkam, Chennai-600073.",Computer Science and Engineering (Cyber Security),145.0,123.0,124.5,129.0,116.0,104.5*,—
22,1432,"Rajalakshmi Institute of Technology (Autonomous), Bangalore Highway Road, Kuthambakkam, Chennai-600124.",Artificial Intelligence and Data Science,189.0,185.0,183.5,183.5,166.5,119.5,143.0
22,1432,"Rajalakshmi Institute of Technology (Autonomous), Bangalore Highway Road, Kuthambakkam, Chennai-600124.",COMPUTER SCIENCE AND ENGINEERING (AI AND MACHINE LEARNING),189.5,185.5,185.5,183.5,163.0,140.0,154.0
22,1432,"Rajalakshmi Institute of Technology (Autonomous), Bangalore Highway Road, Kuthambakkam, Chennai-600124.",BIO TECHNOLOGY,184.0,173.0,—,169.5,160.0,141.5,—
22,1432,"Rajalakshmi Institute of Technology (Autonomous), Bangalore Highway Road, Kuthambakkam, Chennai-600124.",COMPUTER SCIENCE AND BUSSINESS SYSTEM,187.0,183.5,185.0,183.0,157.5,118.5,146.5
22,1432,"Rajalakshmi Institute of Technology (Autonomous), Bangalore Highway Road, Kuthambakkam, Chennai-600124.",COMPUTER AND COMMUNICATION ENGINEERING,186.5,184.0,183.5,182.5,158.0,117.5,—
22,1432,"Rajalakshmi Institute of Technology (Autonomous), Bangalore Highway Road, Kuthambakkam, Chennai-600124.",COMPUTER SCIENCE AND ENGINEERING,191.0,187.0,184.0,185.0,169.0,114.5,160.0
22,1432,"Rajalakshmi Institute of Technology (Autonomous), Bangalore Highway Road, Kuthambakkam, Chennai-600124.",ELECTRONICS AND COMMUNICATION ENGINEERING,190.0,185.5,185.0,184.0,160.5,139.0,—
22,1432,"Rajalakshmi Institute of Technology (Autonomous), Bangalore Highway Road, Kuthambakkam, Chennai-600124.",Electronics Engineering (VLSI Design and Technology),185.0,183.0,182.5,180.5,157.0,126.5,131.0
22,1432,"Rajalakshmi Institute of Technology (Autonomous), Bangalore Highway Road, Kuthambakkam, Chennai-600124.",MECHANICAL ENGINEERING,180.5,175.0,177.0,170.5,147.5,—,115.0
22,1434,"Surya Group of Institutions, NH-45, GST Road, Vikiravandi, Villupuram-605652.",Artificial Intelligence and Data Science,137.5,109.5*,137.0,127.0,115.0,—,—
22,1434,"Surya Group of Institutions, NH-45, GST Road, Vikiravandi, Villupuram-605652.",AERONAUTICAL ENGINEERING,113.5*,—,—,—,—,—,—
22,1434,"Surya Group of Institutions, NH-45, GST Road, Vikiravandi, Villupuram-605652.",AGRICULTURAL ENGINEERING,100.0*,—,—,—,—,—,—
22,1434,"Surya Group of Institutions, NH-45, GST Road, Vikiravandi, Villupuram-605652.",AUTOMOBILE ENGINEERING,131.5*,—,—,—,—,—,—
22,1434,"Surya Group of Institutions, NH-45, GST Road, Vikiravandi, Villupuram-605652.",CIVIL ENGINEERING,106.0*,—,—,—,—,—,—
22,1434,"Surya Group of Institutions, NH-45, GST Road, Vikiravandi, Villupuram-605652.",COMPUTER SCIENCE AND ENGINEERING,147.5,99.0*,115.0,125.0,129.0,—,—
22,1434,"Surya Group of Institutions, NH-45, GST Road, Vikiravandi, Villupuram-605652.",ELECTRONICS AND COMMUNICATION ENGINEERING,108.0,—,103.0*,102.5*,92.5*,—,—
22,1434,"Surya Group of Institutions, NH-45, GST Road, Vikiravandi, Villupuram-605652.",ELECTRICAL AND ELECTRONICS ENGINEERING,96.0*,—,—,—,—,—,—
22,1434,"Surya Group of Institutions, NH-45, GST Road, Vikiravandi, Villupuram-605652.",MECHANICAL ENGINEERING,94.5*,—,—,—,—,—,—
22,1434,"Surya Group of Institutions, NH-45, GST Road, Vikiravandi, Villupuram-605652.",Computer Science and Engineering (Cyber Security),132.5,—,122.5,117.0,114.5,94.0,—
22,1436,"A.R.Engineering College, Vadakuchipalayam, Kappiyampuliyur post, Villupuram-605601.",Artificial Intelligence and Data Science,83.5*,—,—,—,—,—,—
22,1436,"A.R.Engineering College, Vadakuchipalayam, Kappiyampuliyur post, Villupuram-605601.",CIVIL ENGINEERING,—,—,—,—,—,—,—
22,1436,"A.R.Engineering College, Vadakuchipalayam, Kappiyampuliyur post, Villupuram-605601.",COMPUTER SCIENCE AND ENGINEERING,104.0*,—,—,—,—,—,—
22,1436,"A.R.Engineering College, Vadakuchipalayam, Kappiyampuliyur post, Villupuram-605601.",ELECTRONICS AND COMMUNICATION ENGINEERING,96.0*,—,—,—,—,—,—
22,1436,"A.R.Engineering College, Vadakuchipalayam, Kappiyampuliyur post, Villupuram-605601.",ELECTRICAL AND ELECTRONICS ENGINEERING,107.5*,—,—,—,—,—,—
22,1436,"A.R.Engineering College, Vadakuchipalayam, Kappiyampuliyur post, Villupuram-605601.",MECHANICAL ENGINEERING,116.0*,—,—,—,—,—,—
22,1437,"Rrase College of Engineering, Vanjuvancherry, Padappai, Sriperumbadur, Kancheepuram -601301.",Artificial Intelligence and Data Science,125.0,109.0*,—,123.5*,84.0*,—,116.0
22,1437,"Rrase College of Engineering, Vanjuvancherry, Padappai, Sriperumbadur, Kancheepuram -601301.",CIVIL ENGINEERING,108.5*,—,—,—,—,—,—
22,1437,"Rrase College of Engineering, Vanjuvancherry, Padappai, Sriperumbadur, Kancheepuram -601301.",COMPUTER SCIENCE AND ENGINEERING,143.5,111.0*,130.5,90.0*,103.5,130.0,—
22,1437,"Rrase College of Engineering, Vanjuvancherry, Padappai, Sriperumbadur, Kancheepuram -601301.",ELECTRONICS AND COMMUNICATION ENGINEERING,108.0,106.0*,—,105.0*,98.0*,92.5*,—
22,1437,"Rrase College of Engineering, Vanjuvancherry, Padappai, Sriperumbadur, Kancheepuram -601301.",ELECTRICAL AND ELECTRONICS ENGINEERING,105.5*,—,—,—,—,—,—
22,1437,"Rrase College of Engineering, Vanjuvancherry, Padappai, Sriperumbadur, Kancheepuram -601301.",INFORMATION TECHNOLOGY,123.5,100.5*,117.0*,118.5*,100.5*,—,—
22,1437,"Rrase College of Engineering, Vanjuvancherry, Padappai, Sriperumbadur, Kancheepuram -601301.",MECHANICAL ENGINEERING,—,—,—,—,—,—,—
22,1437,"Rrase College of Engineering, Vanjuvancherry, Padappai, Sriperumbadur, Kancheepuram -601301.",Computer Science and Engineering (Cyber Security),128.5,108.0*,123.0,112.5*,86.0*,—,—
22,1438,"Sree Krishna College of Engineering, Anaicut Post, Unnai Village, Vellore-632101.",CIVIL ENGINEERING,—,—,—,—,—,—,—
22,1438,"Sree Krishna College of Engineering, Anaicut Post, Unnai Village, Vellore-632101.",COMPUTER SCIENCE AND ENGINEERING,102.5,95.0*,—,84.5*,—,—,—
22,1438,"Sree Krishna College of Engineering, Anaicut Post, Unnai Village, Vellore-632101.",ELECTRONICS AND COMMUNICATION ENGINEERING,99.0*,—,—,—,—,—,—
22,1438,"Sree Krishna College of Engineering, Anaicut Post, Unnai Village, Vellore-632101.",ELECTRICAL AND ELECTRONICS ENGINEERING,—,—,—,—,—,—,—
22,1438,"Sree Krishna College of Engineering, Anaicut Post, Unnai Village, Vellore-632101.",MECHANICAL ENGINEERING,85.5*,—,—,—,—,—,—
23,1441,"A.K.T.Memorial College of Engineering and Technology, Neelamangalam( Post ), Kallakurichi Taluk, Villupuram District-606202.",Artificial Intelligence and Data Science,124.5,102.0*,100.5,100.0*,96.5,—,90.5
23,1441,"A.K.T.Memorial College of Engineering and Technology, Neelamangalam( Post ), Kallakurichi Taluk, Villupuram District-606202.",CIVIL ENGINEERING,111.5,90.0*,—,88.5*,85.5*,—,—
23,1441,"A.K.T.Memorial College of Engineering and Technology, Neelamangalam( Post ), Kallakurichi Taluk, Villupuram District-606202.",COMPUTER SCIENCE AND ENGINEERING,131.0,99.5*,—,102.0,109.0,—,—
23,1441,"A.K.T.Memorial College of Engineering and Technology, Neelamangalam( Post ), Kallakurichi Taluk, Villupuram District-606202.",ELECTRONICS AND COMMUNICATION ENGINEERING,118.0,95.0*,—,89.0,91.0,—,—
23,1441,"A.K.T.Memorial College of Engineering and Technology, Neelamangalam( Post ), Kallakurichi Taluk, Villupuram District-606202.",ELECTRICAL AND ELECTRONICS ENGINEERING,89.0,87.0*,—,88.5*,85.0*,—,—
23,1441,"A.K.T.Memorial College of Engineering and Technology, Neelamangalam( Post ), Kallakurichi Taluk, Villupuram District-606202.",INFORMATION TECHNOLOGY,122.0,91.0*,119.5,110.5*,91.5,111.0,—
23,1441,"A.K.T.Memorial College of Engineering and Technology, Neelamangalam( Post ), Kallakurichi Taluk, Villupuram District-606202.",MECHANICAL ENGINEERING,83.0,—,—,—,—,—,—
23,1442,"Prince Dr. K. Vasudevan College of Engineering and Technology (Autonomous), Medavakkam-Mambakkam Road, Ponmar, Chennai-600127.",Artificial Intelligence and Data Science,192.5,191.0,178.5,190.0,120.0,147.0,—
23,1442,"Prince Dr. K. Vasudevan College of Engineering and Technology (Autonomous), Medavakkam-Mambakkam Road, Ponmar, Chennai-600127.",COMPUTER SCIENCE AND ENGINEERING,182.5,166.5,160.5,164.0,118.0,—,—
23,1442,"Prince Dr. K. Vasudevan College of Engineering and Technology (Autonomous), Medavakkam-Mambakkam Road, Ponmar, Chennai-600127.",Computer Science and Engineering (Cyber Security),185.0,165.5,158.5,158.0,115.0,—,120.0
23,1444,"R.M.Engineering College (formerly Chendu College of Engineering and Technology), Zamin Endathur Village, Madurantakam, Kanchipuram-603311.",Artificial Intelligence and Data Science,80.0*,—,—,—,—,—,—
23,1444,"R.M.Engineering College (formerly Chendu College of Engineering and Technology), Zamin Endathur Village, Madurantakam, Kanchipuram-603311.",CIVIL ENGINEERING,—,—,—,—,—,—,—
23,1444,"R.M.Engineering College (formerly Chendu College of Engineering and Technology), Zamin Endathur Village, Madurantakam, Kanchipuram-603311.",COMPUTER SCIENCE AND ENGINEERING,89.5*,—,—,—,—,—,—
23,1444,"R.M.Engineering College (formerly Chendu College of Engineering and Technology), Zamin Endathur Village, Madurantakam, Kanchipuram-603311.",ELECTRONICS AND COMMUNICATION ENGINEERING,90.5*,—,—,—,—,—,—
23,1444,"R.M.Engineering College (formerly Chendu College of Engineering and Technology), Zamin Endathur Village, Madurantakam, Kanchipuram-603311.",MECHANICAL ENGINEERING,81.5*,—,—,—,—,—,—
23,1444,"R.M.Engineering College (formerly Chendu College of Engineering and Technology), Zamin Endathur Village, Madurantakam, Kanchipuram-603311.",Computer Science and Engineering (Cyber Security),112.5*,—,—,—,—,—,—
23,1445,"Sri Rangapoopathi College of Engineering, Alampoondi Village & Post, Gingee Taluk, Villupuram District-604151.",Artificial Intelligence and Data Science,131.0,101.5*,—,104.0*,—,—,—
23,1445,"Sri Rangapoopathi College of Engineering, Alampoondi Village & Post, Gingee Taluk, Villupuram District-604151.",CIVIL ENGINEERING,—,—,—,—,—,—,—
23,1445,"Sri Rangapoopathi College of Engineering, Alampoondi Village & Post, Gingee Taluk, Villupuram District-604151.",COMPUTER SCIENCE AND ENGINEERING,138.5,—,—,113.0*,—,—,—
23,1445,"Sri Rangapoopathi College of Engineering, Alampoondi Village & Post, Gingee Taluk, Villupuram District-604151.",ELECTRONICS AND COMMUNICATION ENGINEERING,113.0*,—,—,—,—,—,—
23,1445,"Sri Rangapoopathi College of Engineering, Alampoondi Village & Post, Gingee Taluk, Villupuram District-604151.",ELECTRICAL AND ELECTRONICS ENGINEERING,146.0*,—,—,—,—,—,—
23,1445,"Sri Rangapoopathi College of Engineering, Alampoondi Village & Post, Gingee Taluk, Villupuram District-604151.",MECHANICAL ENGINEERING,98.0*,—,—,—,—,—,—
23,1445,"Sri Rangapoopathi College of Engineering, Alampoondi Village & Post, Gingee Taluk, Villupuram District-604151.",Computer Science and Engineering (Cyber Security),88.0*,—,—,—,—,—,—
23,1449,"Saraswathy College of Engineering and Technology, NH-45 Main Road, Olakkur, Tindivanam, Villupuram-604307.",Artificial Intelligence and Data Science,131.5,94.5*,126.0*,121.0,101.0*,—,—
23,1449,"Saraswathy College of Engineering and Technology, NH-45 Main Road, Olakkur, Tindivanam, Villupuram-604307.",AGRICULTURAL ENGINEERING,94.0*,—,—,—,—,—,—
23,1449,"Saraswathy College of Engineering and Technology, NH-45 Main Road, Olakkur, Tindivanam, Villupuram-604307.",CIVIL ENGINEERING,123.0*,—,—,—,—,—,—
23,1449,"Saraswathy College of Engineering and Technology, NH-45 Main Road, Olakkur, Tindivanam, Villupuram-604307.",COMPUTER SCIENCE AND ENGINEERING,134.5,—,134.0*,120.5,121.0*,—,—
23,1449,"Saraswathy College of Engineering and Technology, NH-45 Main Road, Olakkur, Tindivanam, Villupuram-604307.",ELECTRONICS AND COMMUNICATION ENGINEERING,119.5,—,—,107.0,—,—,—
23,1449,"Saraswathy College of Engineering and Technology, NH-45 Main Road, Olakkur, Tindivanam, Villupuram-604307.",INFORMATION TECHNOLOGY,115.5,—,—,96.0,—,—,—
23,1449,"Saraswathy College of Engineering and Technology, NH-45 Main Road, Olakkur, Tindivanam, Villupuram-604307.",MECHANICAL ENGINEERING,108.0*,—,—,—,—,—,—
23,1450,"Loyola-ICAM College of Engineering and Technology (Autonomous), Loyola College Campus, Chennai-600034.",Artificial Intelligence and Data Science,188.5,185.0,187.0,183.0,182.5,—,168.0
23,1450,"Loyola-ICAM College of Engineering and Technology (Autonomous), Loyola College Campus, Chennai-600034.",COMPUTER SCIENCE AND ENGINEERING,193.0,188.5,188.5,186.5,179.0,165.0,152.0
23,1450,"Loyola-ICAM College of Engineering and Technology (Autonomous), Loyola College Campus, Chennai-600034.",ELECTRONICS AND COMMUNICATION ENGINEERING,189.0,184.5,184.5,184.5,176.5,162.5,—
23,1450,"Loyola-ICAM College of Engineering and Technology (Autonomous), Loyola College Campus, Chennai-600034.",ELECTRICAL AND ELECTRONICS ENGINEERING,184.0,180.5,179.5,178.0,177.0,134.5,—
23,1450,"Loyola-ICAM College of Engineering and Technology (Autonomous), Loyola College Campus, Chennai-600034.",INFORMATION TECHNOLOGY,188.5,186.0,182.5,181.5,180.0,—,—
23,1450,"Loyola-ICAM College of Engineering and Technology (Autonomous), Loyola College Campus, Chennai-600034.",MECHANICAL ENGINEERING,178.5,175.0,169.5,175.5,169.5,134.5,—
23,1452,"PERI Institute of Technology (Autonomous), Mannivakkam,Tambaram, Kancheepuram, Chennai-600048.",Artificial Intelligence and Data Science,144.5,99.5*,122.0,102.5,88.5*,—,—
23,1452,"PERI Institute of Technology (Autonomous), Mannivakkam,Tambaram, Kancheepuram, Chennai-600048.",COMPUTER SCIENCE AND ENGINEERING (AI AND MACHINE LEARNING),130.5,99.0*,—,107.5*,93.0*,—,—
23,1452,"PERI Institute of Technology (Autonomous), Mannivakkam,Tambaram, Kancheepuram, Chennai-600048.",COMPUTER SCIENCE AND ENGINEERING(ARTIFICIAL INTELLIGENCE),125.0,94.0*,110.5,122.0*,93.0*,—,—
23,1452,"PERI Institute of Technology (Autonomous), Mannivakkam,Tambaram, Kancheepuram, Chennai-600048.",COMPUTER SCIENCE AND BUSSINESS SYSTEM,102.0*,—,—,—,—,—,—
23,1452,"PERI Institute of Technology (Autonomous), Mannivakkam,Tambaram, Kancheepuram, Chennai-600048.",COMPUTER SCIENCE AND DESIGN,102.5*,—,—,—,—,—,—
23,1452,"PERI Institute of Technology (Autonomous), Mannivakkam,Tambaram, Kancheepuram, Chennai-600048.",CIVIL ENGINEERING,83.5*,—,—,—,—,—,—
23,1452,"PERI Institute of Technology (Autonomous), Mannivakkam,Tambaram, Kancheepuram, Chennai-600048.",COMPUTER SCIENCE AND ENGINEERING (DATA SCIENCE),108.0,99.5*,92.5,96.5*,—,—,—
23,1452,"PERI Institute of Technology (Autonomous), Mannivakkam,Tambaram, Kancheepuram, Chennai-600048.",COMPUTER SCIENCE AND ENGINEERING,139.5,99.5*,119.5*,103.5*,95.0*,—,—
23,1452,"PERI Institute of Technology (Autonomous), Mannivakkam,Tambaram, Kancheepuram, Chennai-600048.",ELECTRONICS AND COMMUNICATION ENGINEERING,141.5,94.5*,126.5,108.5,103.0*,—,—
23,1452,"PERI Institute of Technology (Autonomous), Mannivakkam,Tambaram, Kancheepuram, Chennai-600048.",ELECTRICAL AND ELECTRONICS ENGINEERING,114.5,102.5*,—,98.0*,110.5*,—,—
23,1452,"PERI Institute of Technology (Autonomous), Mannivakkam,Tambaram, Kancheepuram, Chennai-600048.",INFORMATION TECHNOLOGY,130.0,107.0*,92.5,107.5*,109.0*,—,—
23,1452,"PERI Institute of Technology (Autonomous), Mannivakkam,Tambaram, Kancheepuram, Chennai-600048.",MECHANICAL ENGINEERING,115.0,109.0*,—,110.0*,—,—,—
23,1452,"PERI Institute of Technology (Autonomous), Mannivakkam,Tambaram, Kancheepuram, Chennai-600048.",ROBOTICS AND ARTIFICIAL INTELLIGENCE,104.5*,—,—,—,—,—,—
23,1452,"PERI Institute of Technology (Autonomous), Mannivakkam,Tambaram, Kancheepuram, Chennai-600048.",Computer Science and Engineering (Cyber Security),136.5,115.0*,—,88.5*,92.5*,—,—
24,1501,"Adhiparasakthi College of Engineering, G.B.Nagar, Kalavai, Arcot Taluk, Vellore District-632506.",Artificial Intelligence and Data Science,143.5,136.0,128.5,138.0,117.5,—,—
24,1501,"Adhiparasakthi College of Engineering, G.B.Nagar, Kalavai, Arcot Taluk, Vellore District-632506.",CIVIL ENGINEERING,94.5,—,—,93.5*,—,—,—
24,1501,"Adhiparasakthi College of Engineering, G.B.Nagar, Kalavai, Arcot Taluk, Vellore District-632506.",COMPUTER SCIENCE AND ENGINEERING,155.5,133.0,—,138.5,114.5,—,—
24,1501,"Adhiparasakthi College of Engineering, G.B.Nagar, Kalavai, Arcot Taluk, Vellore District-632506.",ELECTRONICS AND COMMUNICATION ENGINEERING,145.0,131.0,—,136.5,—,—,—
24,1501,"Adhiparasakthi College of Engineering, G.B.Nagar, Kalavai, Arcot Taluk, Vellore District-632506.",ELECTRICAL AND ELECTRONICS ENGINEERING,129.5,108.0,—,122.5,—,—,—
24,1501,"Adhiparasakthi College of Engineering, G.B.Nagar, Kalavai, Arcot Taluk, Vellore District-632506.",INFORMATION TECHNOLOGY,151.5,136.0,131.5*,139.0,124.0,—,—
24,1501,"Adhiparasakthi College of Engineering, G.B.Nagar, Kalavai, Arcot Taluk, Vellore District-632506.",MECHANICAL ENGINEERING,122.5,96.0,—,103.0,—,—,—
24,1501,"Adhiparasakthi College of Engineering, G.B.Nagar, Kalavai, Arcot Taluk, Vellore District-632506.",Computer Science and Engineering (Cyber Security),143.5,129.5,—,138.5,97.0*,—,—
24,1503,"Arulmigu Meenakshi Amman College of Engineering, Vadamavandal Village, Namandi Post,(Near Kanchipuram),Tiruvanamalai-604410.",Artificial Intelligence and Data Science,90.0,86.0*,—,—,—,—,—
24,1503,"Arulmigu Meenakshi Amman College of Engineering, Vadamavandal Village, Namandi Post,(Near Kanchipuram),Tiruvanamalai-604410.",CIVIL ENGINEERING,85.5*,—,—,—,—,—,—
24,1503,"Arulmigu Meenakshi Amman College of Engineering, Vadamavandal Village, Namandi Post,(Near Kanchipuram),Tiruvanamalai-604410.",COMPUTER SCIENCE AND ENGINEERING,95.0,—,—,—,—,—,—
24,1503,"Arulmigu Meenakshi Amman College of Engineering, Vadamavandal Village, Namandi Post,(Near Kanchipuram),Tiruvanamalai-604410.",ELECTRONICS AND COMMUNICATION ENGINEERING,108.0*,—,—,—,—,—,—
24,1503,"Arulmigu Meenakshi Amman College of Engineering, Vadamavandal Village, Namandi Post,(Near Kanchipuram),Tiruvanamalai-604410.",ELECTRICAL AND ELECTRONICS ENGINEERING,99.0*,—,—,—,—,—,—
24,1503,"Arulmigu Meenakshi Amman College of Engineering, Vadamavandal Village, Namandi Post,(Near Kanchipuram),Tiruvanamalai-604410.",INFORMATION TECHNOLOGY,—,—,—,—,—,—,—
24,1503,"Arulmigu Meenakshi Amman College of Engineering, Vadamavandal Village, Namandi Post,(Near Kanchipuram),Tiruvanamalai-604410.",MECHANICAL ENGINEERING,112.5*,—,—,—,—,—,—
24,1504,"Arunai Engineering College (Autonomous), Chittor-Cuddalore Raod, Mathur, Tiruvannamalai-606603.",Artificial Intelligence and Data Science,166.0,134.5,142.0,142.0,113.5,—,115.0
24,1504,"Arunai Engineering College (Autonomous), Chittor-Cuddalore Raod, Mathur, Tiruvannamalai-606603.",AGRICULTURAL ENGINEERING,107.5*,—,—,—,—,—,—
24,1504,"Arunai Engineering College (Autonomous), Chittor-Cuddalore Raod, Mathur, Tiruvannamalai-606603.",COMPUTER SCIENCE AND ENGINEERING (AI AND MACHINE LEARNING),152.0,136.0,151.5,144.5,110.0*,—,—
24,1504,"Arunai Engineering College (Autonomous), Chittor-Cuddalore Raod, Mathur, Tiruvannamalai-606603.",BIO TECHNOLOGY,134.5,110.0*,134.5,124.0,102.5*,—,—
24,1504,"Arunai Engineering College (Autonomous), Chittor-Cuddalore Raod, Mathur, Tiruvannamalai-606603.",CIVIL ENGINEERING,133.0,110.0,128.5,113.0,127.5,—,—
24,1504,"Arunai Engineering College (Autonomous), Chittor-Cuddalore Raod, Mathur, Tiruvannamalai-606603.",CHEMICAL ENGINEERING,120.0,—,—,105.5*,—,—,—
24,1504,"Arunai Engineering College (Autonomous), Chittor-Cuddalore Raod, Mathur, Tiruvannamalai-606603.",COMPUTER SCIENCE AND ENGINEERING,161.0,132.5,144.0,141.5,108.5*,129.0*,—
24,1504,"Arunai Engineering College (Autonomous), Chittor-Cuddalore Raod, Mathur, Tiruvannamalai-606603.",ELECTRONICS AND COMMUNICATION ENGINEERING,157.0,133.0,149.5,142.0,113.0*,—,—
24,1504,"Arunai Engineering College (Autonomous), Chittor-Cuddalore Raod, Mathur, Tiruvannamalai-606603.",ELECTRICAL AND ELECTRONICS ENGINEERING,140.5,121.0,110.5,134.5,106.0,—,—
24,1504,"Arunai Engineering College (Autonomous), Chittor-Cuddalore Raod, Mathur, Tiruvannamalai-606603.",INFORMATION TECHNOLOGY,154.0,134.0,138.5,142.5,121.0*,—,94.5
24,1504,"Arunai Engineering College (Autonomous), Chittor-Cuddalore Raod, Mathur, Tiruvannamalai-606603.",MECHANICAL ENGINEERING,131.5,91.0*,112.0*,118.0,100.5*,—,—
24,1504,"Arunai Engineering College (Autonomous), Chittor-Cuddalore Raod, Mathur, Tiruvannamalai-606603.",Computer Science and Engineering (Cyber Security),150.0,139.5,173.0,143.0,105.0*,—,—
24,1505,"C.Abdul Hakeem College of Engineering and Technology, Hakeem Nagar, Melvisharam, Vellore -632509.",Artificial Intelligence and Data Science,171.5,150.0,159.5,158.0,127.0,102.5,—
24,1505,"C.Abdul Hakeem College of Engineering and Technology, Hakeem Nagar, Melvisharam, Vellore -632509.",COMPUTER SCIENCE AND ENGINEERING (AI AND MACHINE LEARNING),161.5,138.0,157.5,140.0,125.5,—,—
24,1505,"C.Abdul Hakeem College of Engineering and Technology, Hakeem Nagar, Melvisharam, Vellore -632509.",COMPUTER SCIENCE AND ENGINEERING,163.0,142.5,158.0,141.5,102.0,113.5,—
24,1505,"C.Abdul Hakeem College of Engineering and Technology, Hakeem Nagar, Melvisharam, Vellore -632509.",ELECTRONICS AND COMMUNICATION ENGINEERING,161.5,142.5,156.5,142.0,108.5*,—,—
24,1505,"C.Abdul Hakeem College of Engineering and Technology, Hakeem Nagar, Melvisharam, Vellore -632509.",ELECTRICAL AND ELECTRONICS ENGINEERING,146.0,125.5,135.0,133.5,102.5,—,—
24,1505,"C.Abdul Hakeem College of Engineering and Technology, Hakeem Nagar, Melvisharam, Vellore -632509.",INFORMATION TECHNOLOGY,157.0,135.5,156.0,142.5,86.0*,—,—
24,1505,"C.Abdul Hakeem College of Engineering and Technology, Hakeem Nagar, Melvisharam, Vellore -632509.",MECHANICAL ENGINEERING,124.0,97.5*,117.0,93.0*,114.5*,—,—
24,1507,"Ganadipathy Tulsi's Jain Engineering College, Chittoor-Cuddalore Road, Kaniyambadi, Vellore-632102.",Artificial Intelligence and Data Science,148.0,129.5,109.0,135.0,123.0,105.5,—
24,1507,"Ganadipathy Tulsi's Jain Engineering College, Chittoor-Cuddalore Road, Kaniyambadi, Vellore-632102.",COMPUTER SCIENCE AND BUSSINESS SYSTEM,130.0,119.0,98.5,126.0,96.0*,—,—
24,1507,"Ganadipathy Tulsi's Jain Engineering College, Chittoor-Cuddalore Road, Kaniyambadi, Vellore-632102.",COMPUTER SCIENCE AND ENGINEERING,144.0,125.0,133.0,134.5,111.0,—,—
24,1507,"Ganadipathy Tulsi's Jain Engineering College, Chittoor-Cuddalore Road, Kaniyambadi, Vellore-632102.",ELECTRONICS AND COMMUNICATION ENGINEERING,139.5,129.0,114.0,133.5,86.5,—,—
24,1507,"Ganadipathy Tulsi's Jain Engineering College, Chittoor-Cuddalore Road, Kaniyambadi, Vellore-632102.",ELECTRICAL AND ELECTRONICS ENGINEERING,124.5,112.0,94.0,114.5,—,—,—
24,1507,"Ganadipathy Tulsi's Jain Engineering College, Chittoor-Cuddalore Road, Kaniyambadi, Vellore-632102.",INFORMATION TECHNOLOGY,144.5,129.0,126.5,133.0,96.5,106.0,—
24,1507,"Ganadipathy Tulsi's Jain Engineering College, Chittoor-Cuddalore Road, Kaniyambadi, Vellore-632102.",MECHANICAL ENGINEERING,111.0,92.0*,90.0,105.5,—,—,—
24,1507,"Ganadipathy Tulsi's Jain Engineering College, Chittoor-Cuddalore Road, Kaniyambadi, Vellore-632102.",Computer Science and Engineering (Cyber Security),132.5,122.0,121.0,127.5,97.5,119.0,—
24,1509,"Meenakshi College of Engineering, 12,Vembuli Amman Koil Street, West K K Nagar, Chennai-600078.",Artificial Intelligence and Data Science,169.5,160.5,161.5,152.0,139.5,—,—
24,1509,"Meenakshi College of Engineering, 12,Vembuli Amman Koil Street, West K K Nagar, Chennai-600078.",COMPUTER SCIENCE AND ENGINEERING (AI AND MACHINE LEARNING),163.5,148.5,155.0,143.5,134.5,—,—
24,1509,"Meenakshi College of Engineering, 12,Vembuli Amman Koil Street, West K K Nagar, Chennai-600078.",COMPUTER SCIENCE AND BUSSINESS SYSTEM,153.5,143.5,145.0,142.5,134.5,—,—
24,1509,"Meenakshi College of Engineering, 12,Vembuli Amman Koil Street, West K K Nagar, Chennai-600078.",CIVIL ENGINEERING,135.5,108.5*,123.0,115.0,105.0*,—,—
24,1509,"Meenakshi College of Engineering, 12,Vembuli Amman Koil Street, West K K Nagar, Chennai-600078.",COMPUTER SCIENCE AND ENGINEERING,167.0,153.0,162.0,152.5,144.0,106.5,—
24,1509,"Meenakshi College of Engineering, 12,Vembuli Amman Koil Street, West K K Nagar, Chennai-600078.",ELECTRONICS AND COMMUNICATION ENGINEERING,154.5,144.0,144.5,143.5,135.0,103.0,—
24,1509,"Meenakshi College of Engineering, 12,Vembuli Amman Koil Street, West K K Nagar, Chennai-600078.",ELECTRICAL AND ELECTRONICS ENGINEERING,143.0,133.0,131.5,136.0,128.5,—,—
24,1509,"Meenakshi College of Engineering, 12,Vembuli Amman Koil Street, West K K Nagar, Chennai-600078.",ELECTRONICS AND INSTRUMENTATION ENGINEERING,143.0,123.0,139.0,129.5,123.5,—,—
25,1509,"Meenakshi College of Engineering, 12,Vembuli Amman Koil Street, West K K Nagar, Chennai-600078.",INFORMATION TECHNOLOGY,160.5,145.5,152.5,146.0,138.0,—,116.5
25,1509,"Meenakshi College of Engineering, 12,Vembuli Amman Koil Street, West K K Nagar, Chennai-600078.",MECHANICAL ENGINEERING,138.0,111.5,—,121.0,108.5,—,—
25,1510,"Priyadarshini Engineering College, Chettiyappanur Village & Post, Vaniyambadi, Vellore-635751.",Artificial Intelligence and Data Science,144.5,116.0,135.5,132.5,129.5,117.0,—
25,1510,"Priyadarshini Engineering College, Chettiyappanur Village & Post, Vaniyambadi, Vellore-635751.",CIVIL ENGINEERING,94.0,—,—,85.0,92.5*,—,—
25,1510,"Priyadarshini Engineering College, Chettiyappanur Village & Post, Vaniyambadi, Vellore-635751.",COMPUTER SCIENCE AND ENGINEERING,140.0,97.5*,107.5,126.5,89.0,—,—
25,1510,"Priyadarshini Engineering College, Chettiyappanur Village & Post, Vaniyambadi, Vellore-635751.",ELECTRONICS AND COMMUNICATION ENGINEERING,130.5,94.5*,105.0,118.5,100.5,—,—
25,1510,"Priyadarshini Engineering College, Chettiyappanur Village & Post, Vaniyambadi, Vellore-635751.",ELECTRICAL AND ELECTRONICS ENGINEERING,110.5,—,—,99.0,80.0*,—,—
25,1510,"Priyadarshini Engineering College, Chettiyappanur Village & Post, Vaniyambadi, Vellore-635751.",INFORMATION TECHNOLOGY,139.5,107.5,129.5,124.0,91.5*,—,—
25,1510,"Priyadarshini Engineering College, Chettiyappanur Village & Post, Vaniyambadi, Vellore-635751.",MECHANICAL ENGINEERING,105.0,101.0*,—,96.0,101.5*,—,—
25,1511,"RANIPPETTAI ENGINEERING COLLEGE, THENKADAPPANTHANGAL, VELLORE DISTRICT 632513",CIVIL ENGINEERING,95.5*,—,—,—,—,—,—
25,1511,"RANIPPETTAI ENGINEERING COLLEGE, THENKADAPPANTHANGAL, VELLORE DISTRICT 632513",COMPUTER SCIENCE AND ENGINEERING,107.0*,—,—,—,—,—,—
25,1511,"RANIPPETTAI ENGINEERING COLLEGE, THENKADAPPANTHANGAL, VELLORE DISTRICT 632513",ELECTRONICS AND COMMUNICATION ENGINEERING,127.0*,—,—,—,—,—,—
25,1511,"RANIPPETTAI ENGINEERING COLLEGE, THENKADAPPANTHANGAL, VELLORE DISTRICT 632513",ELECTRICAL AND ELECTRONICS ENGINEERING,156.0*,—,—,—,—,—,—
25,1511,"RANIPPETTAI ENGINEERING COLLEGE, THENKADAPPANTHANGAL, VELLORE DISTRICT 632513",MECHANICAL ENGINEERING,—,—,—,—,—,—,—
25,1512,"S.K.P. Engineering College, Chinnkangiyanur, Somasipadi Post, Tiruvannamalai District-606611.",Artificial Intelligence and Data Science,144.5,117.5,136.5,131.0,120.5,—,—
25,1512,"S.K.P. Engineering College, Chinnkangiyanur, Somasipadi Post, Tiruvannamalai District-606611.",COMPUTER SCIENCE AND ENGINEERING (AI AND MACHINE LEARNING),139.0,108.5,134.0,132.0,96.5*,—,—
25,1512,"S.K.P. Engineering College, Chinnkangiyanur, Somasipadi Post, Tiruvannamalai District-606611.",CIVIL ENGINEERING,87.5*,—,—,—,—,—,—
25,1512,"S.K.P. Engineering College, Chinnkangiyanur, Somasipadi Post, Tiruvannamalai District-606611.",COMPUTER SCIENCE AND ENGINEERING,152.5,132.0,134.5,135.0,125.5,—,145.0
25,1512,"S.K.P. Engineering College, Chinnkangiyanur, Somasipadi Post, Tiruvannamalai District-606611.",ELECTRONICS AND COMMUNICATION ENGINEERING,154.5,120.5,138.5,131.0,121.0,—,—
25,1512,"S.K.P. Engineering College, Chinnkangiyanur, Somasipadi Post, Tiruvannamalai District-606611.",ELECTRICAL AND ELECTRONICS ENGINEERING,129.5,103.5,115.5,121.0,104.0*,—,—
25,1512,"S.K.P. Engineering College, Chinnkangiyanur, Somasipadi Post, Tiruvannamalai District-606611.",INFORMATION TECHNOLOGY,152.0,128.5,137.0,133.0,100.5,—,—
25,1512,"S.K.P. Engineering College, Chinnkangiyanur, Somasipadi Post, Tiruvannamalai District-606611.",MECHANICAL ENGINEERING,116.0,87.5*,—,96.5,—,—,—
25,1512,"S.K.P. Engineering College, Chinnkangiyanur, Somasipadi Post, Tiruvannamalai District-606611.",Computer Science and Engineering (Cyber Security),139.0,114.0,—,130.5,108.0*,—,—
25,1513,"Sri Balaji Chockalingam Engineering College, Irumbedu, Arni Taluk,Tiruvannamalai District-632317.",Artificial Intelligence and Data Science,133.0,105.0,120.0,110.0,100.0*,102.0,—
25,1513,"Sri Balaji Chockalingam Engineering College, Irumbedu, Arni Taluk,Tiruvannamalai District-632317.",COMPUTER SCIENCE AND BUSSINESS SYSTEM,106.0,93.0*,—,97.5*,—,—,—
25,1513,"Sri Balaji Chockalingam Engineering College, Irumbedu, Arni Taluk,Tiruvannamalai District-632317.",COMPUTER SCIENCE AND ENGINEERING,144.0,109.5,—,112.5,86.0*,—,—
25,1513,"Sri Balaji Chockalingam Engineering College, Irumbedu, Arni Taluk,Tiruvannamalai District-632317.",ELECTRONICS AND COMMUNICATION ENGINEERING,123.0,91.0*,—,90.0*,—,—,—
25,1513,"Sri Balaji Chockalingam Engineering College, Irumbedu, Arni Taluk,Tiruvannamalai District-632317.",INFORMATION TECHNOLOGY,133.0,104.5*,—,81.5,131.0*,—,—
25,1517,"Thirumalai Engineering College, Kilambi, Krishnapuram Post, Kanchipuram-631551.",Artificial Intelligence and Data Science,140.0,110.0*,—,127.5*,119.0,94.5,—
25,1517,"Thirumalai Engineering College, Kilambi, Krishnapuram Post, Kanchipuram-631551.",AGRICULTURAL ENGINEERING,111.0*,—,—,—,—,—,—
25,1517,"Thirumalai Engineering College, Kilambi, Krishnapuram Post, Kanchipuram-631551.",CIVIL ENGINEERING,85.0*,—,—,—,—,—,—
25,1517,"Thirumalai Engineering College, Kilambi, Krishnapuram Post, Kanchipuram-631551.",COMPUTER SCIENCE AND ENGINEERING,115.5,94.5*,87.0*,91.0*,85.0*,—,—
25,1517,"Thirumalai Engineering College, Kilambi, Krishnapuram Post, Kanchipuram-631551.",ELECTRONICS AND COMMUNICATION ENGINEERING,111.5,—,—,94.0*,92.5*,—,—
25,1517,"Thirumalai Engineering College, Kilambi, Krishnapuram Post, Kanchipuram-631551.",ELECTRICAL AND ELECTRONICS ENGINEERING,127.5*,—,—,—,—,—,—
25,1517,"Thirumalai Engineering College, Kilambi, Krishnapuram Post, Kanchipuram-631551.",INFORMATION TECHNOLOGY,134.5,111.5,126.0,112.0*,118.5,—,—
25,1517,"Thirumalai Engineering College, Kilambi, Krishnapuram Post, Kanchipuram-631551.",MECHANICAL ENGINEERING,92.0*,—,—,—,—,—,—
25,1518,"Thiruvalluvar College of Engineering and Technology, Arunachala City,Ponnur Hills, Vandavasi, Thiruvannamalai District-604505.",COMPUTER SCIENCE AND ENGINEERING (AI AND MACHINE LEARNING),115.0,92.0*,—,99.0*,103.0,—,—
25,1518,"Thiruvalluvar College of Engineering and Technology, Arunachala City,Ponnur Hills, Vandavasi, Thiruvannamalai District-604505.",CIVIL ENGINEERING,88.5*,—,—,—,—,—,—
25,1518,"Thiruvalluvar College of Engineering and Technology, Arunachala City,Ponnur Hills, Vandavasi, Thiruvannamalai District-604505.",COMPUTER SCIENCE AND ENGINEERING,119.0,103.5*,—,101.0*,94.0*,118.5*,—
25,1518,"Thiruvalluvar College of Engineering and Technology, Arunachala City,Ponnur Hills, Vandavasi, Thiruvannamalai District-604505.",ELECTRONICS AND COMMUNICATION ENGINEERING,118.5,104.0*,95.5*,88.5,89.5*,—,—
25,1518,"Thiruvalluvar College of Engineering and Technology, Arunachala City,Ponnur Hills, Vandavasi, Thiruvannamalai District-604505.",ELECTRICAL AND ELECTRONICS ENGINEERING,95.0,—,—,86.5*,89.5*,—,—
25,1518,"Thiruvalluvar College of Engineering and Technology, Arunachala City,Ponnur Hills, Vandavasi, Thiruvannamalai District-604505.",ELECTRONICS AND INSTRUMENTATION ENGINEERING,—,—,—,—,—,—,—
25,1518,"Thiruvalluvar College of Engineering and Technology, Arunachala City,Ponnur Hills, Vandavasi, Thiruvannamalai District-604505.",INFORMATION TECHNOLOGY,124.5,95.0*,120.5*,109.0,106.5,92.0,—
25,1518,"Thiruvalluvar College of Engineering and Technology, Arunachala City,Ponnur Hills, Vandavasi, Thiruvannamalai District-604505.",MECHANICAL ENGINEERING,93.5*,—,—,—,—,—,—
25,1519,"Bharathidasan Engineering College, K.Bandarapalli Post, Nattrampalli, Vellore District-635854.",Artificial Intelligence and Data Science,141.0,82.0*,135.5,126.5,123.5,121.0,—
25,1519,"Bharathidasan Engineering College, K.Bandarapalli Post, Nattrampalli, Vellore District-635854.",COMPUTER SCIENCE AND ENGINEERING,125.5,81.5*,103.0*,112.5,104.5,113.0,—
25,1519,"Bharathidasan Engineering College, K.Bandarapalli Post, Nattrampalli, Vellore District-635854.",ELECTRONICS AND COMMUNICATION ENGINEERING,116.5,85.0*,—,110.0,103.5,92.0*,—
25,1519,"Bharathidasan Engineering College, K.Bandarapalli Post, Nattrampalli, Vellore District-635854.",ELECTRICAL AND ELECTRONICS ENGINEERING,102.0,—,—,88.0,80.5,—,—
25,1519,"Bharathidasan Engineering College, K.Bandarapalli Post, Nattrampalli, Vellore District-635854.",INFORMATION TECHNOLOGY,134.5,92.0*,108.5,114.0,104.5,129.0,—
25,1519,"Bharathidasan Engineering College, K.Bandarapalli Post, Nattrampalli, Vellore District-635854.",MECHANICAL ENGINEERING,82.0*,—,—,—,—,—,—
26,1520,"Kingston Engineering College, Chittoor Main Road, Chiristianpet Village, Mettukulam Panchayat, Katpadi Taluk, Vellore District-632059.",Artificial Intelligence and Data Science,172.5,159.0,143.5,151.5,116.0,—,—
26,1520,"Kingston Engineering College, Chittoor Main Road, Chiristianpet Village, Mettukulam Panchayat, Katpadi Taluk, Vellore District-632059.",COMPUTER SCIENCE AND ENGINEERING (AI AND MACHINE LEARNING),150.5,142.0,146.0,143.0,85.0*,—,—
26,1520,"Kingston Engineering College, Chittoor Main Road, Chiristianpet Village, Mettukulam Panchayat, Katpadi Taluk, Vellore District-632059.",COMPUTER SCIENCE AND BUSSINESS SYSTEM,146.5,136.5,—,138.0,—,—,—
26,1520,"Kingston Engineering College, Chittoor Main Road, Chiristianpet Village, Mettukulam Panchayat, Katpadi Taluk, Vellore District-632059.",COMPUTER SCIENCE AND ENGINEERING,160.5,144.0,126.0,143.5,110.0,132.0*,130.0
26,1520,"Kingston Engineering College, Chittoor Main Road, Chiristianpet Village, Mettukulam Panchayat, Katpadi Taluk, Vellore District-632059.",ELECTRONICS AND COMMUNICATION ENGINEERING,163.5,141.0,124.0,145.5,106.0*,158.5,—
26,1520,"Kingston Engineering College, Chittoor Main Road, Chiristianpet Village, Mettukulam Panchayat, Katpadi Taluk, Vellore District-632059.",INFORMATION TECHNOLOGY,158.0,138.0,142.0,146.0,132.5,—,—
26,1520,"Kingston Engineering College, Chittoor Main Road, Chiristianpet Village, Mettukulam Panchayat, Katpadi Taluk, Vellore District-632059.",MECHANICAL ENGINEERING,127.0,121.0,—,84.0*,95.5*,—,—
26,1523,"Global Institute of Engineering and Technology, 257/1, Bangalore-Chennai Highway,Melvisharam, Vellore-632509.",Artificial Intelligence and Data Science,149.5,131.0,145.0,131.5,115.0,107.0,115.5
26,1523,"Global Institute of Engineering and Technology, 257/1, Bangalore-Chennai Highway,Melvisharam, Vellore-632509.",COMPUTER SCIENCE AND ENGINEERING (AI AND MACHINE LEARNING),139.0,117.5,—,129.0,101.5,113.5,—
26,1523,"Global Institute of Engineering and Technology, 257/1, Bangalore-Chennai Highway,Melvisharam, Vellore-632509.",COMPUTER SCIENCE AND ENGINEERING,134.0,102.5,105.5*,122.5,88.5*,115.5*,—
26,1523,"Global Institute of Engineering and Technology, 257/1, Bangalore-Chennai Highway,Melvisharam, Vellore-632509.",ELECTRONICS AND COMMUNICATION ENGINEERING,133.5,101.0,—,118.5,123.0*,—,—
26,1523,"Global Institute of Engineering and Technology, 257/1, Bangalore-Chennai Highway,Melvisharam, Vellore-632509.",ELECTRICAL AND ELECTRONICS ENGINEERING,118.5,84.0*,—,113.5,115.5*,—,—
26,1523,"Global Institute of Engineering and Technology, 257/1, Bangalore-Chennai Highway,Melvisharam, Vellore-632509.",INFORMATION TECHNOLOGY,133.0,103.0,116.0*,122.5,100.5*,108.0,—
26,1523,"Global Institute of Engineering and Technology, 257/1, Bangalore-Chennai Highway,Melvisharam, Vellore-632509.",MECHANICAL ENGINEERING,112.5,97.0*,—,101.0,—,—,—
26,1524,"Annamalaiar College Of Engineering, Chetpet-Polur Road, Polur Taluk, Thiruvannamalai District-606902.",CIVIL ENGINEERING,—,—,—,—,—,—,—
26,1524,"Annamalaiar College Of Engineering, Chetpet-Polur Road, Polur Taluk, Thiruvannamalai District-606902.",COMPUTER SCIENCE AND ENGINEERING,108.5,103.0*,—,105.0*,—,—,—
26,1524,"Annamalaiar College Of Engineering, Chetpet-Polur Road, Polur Taluk, Thiruvannamalai District-606902.",ELECTRONICS AND COMMUNICATION ENGINEERING,136.0*,—,—,—,—,—,—
26,1524,"Annamalaiar College Of Engineering, Chetpet-Polur Road, Polur Taluk, Thiruvannamalai District-606902.",ELECTRICAL AND ELECTRONICS ENGINEERING,118.5*,—,—,—,—,—,—
26,1524,"Annamalaiar College Of Engineering, Chetpet-Polur Road, Polur Taluk, Thiruvannamalai District-606902.",INFORMATION TECHNOLOGY,120.0,100.0*,—,105.0*,104.0*,—,—
26,1524,"Annamalaiar College Of Engineering, Chetpet-Polur Road, Polur Taluk, Thiruvannamalai District-606902.",MECHANICAL ENGINEERING,133.0*,—,—,—,—,—,—
26,1525,"Podhigai College of Engineering and Technology, Salem Main Road, Adiyur Post, Tirupattur Taluk,Tirupattur, Vellore District.-635601.",Artificial Intelligence and Data Science,117.0,115.5*,109.5,94.5*,89.5*,—,94.5
26,1525,"Podhigai College of Engineering and Technology, Salem Main Road, Adiyur Post, Tirupattur Taluk,Tirupattur, Vellore District.-635601.",COMPUTER SCIENCE AND ENGINEERING,124.0,115.0*,—,91.5*,83.5*,—,—
26,1525,"Podhigai College of Engineering and Technology, Salem Main Road, Adiyur Post, Tirupattur Taluk,Tirupattur, Vellore District.-635601.",ELECTRONICS AND COMMUNICATION ENGINEERING,97.5,—,—,—,—,—,—
26,1525,"Podhigai College of Engineering and Technology, Salem Main Road, Adiyur Post, Tirupattur Taluk,Tirupattur, Vellore District.-635601.",ELECTRICAL AND ELECTRONICS ENGINEERING,93.0*,—,—,—,—,—,—
26,1525,"Podhigai College of Engineering and Technology, Salem Main Road, Adiyur Post, Tirupattur Taluk,Tirupattur, Vellore District.-635601.",INFORMATION TECHNOLOGY,103.5,83.0*,—,84.5*,102.5*,—,—
26,1525,"Podhigai College of Engineering and Technology, Salem Main Road, Adiyur Post, Tirupattur Taluk,Tirupattur, Vellore District.-635601.",MECHANICAL ENGINEERING,84.0*,—,—,—,—,—,—
26,1526,"Sri Krishna College of Engineering, T.R.S. Campus, Sri Krishna Nagar, Tiruttani Road,Arakkonam, Vellore-631003.",CIVIL ENGINEERING,—,—,—,—,—,—,—
26,1526,"Sri Krishna College of Engineering, T.R.S. Campus, Sri Krishna Nagar, Tiruttani Road,Arakkonam, Vellore-631003.",COMPUTER SCIENCE AND ENGINEERING,112.0*,—,—,—,—,—,—
26,1526,"Sri Krishna College of Engineering, T.R.S. Campus, Sri Krishna Nagar, Tiruttani Road,Arakkonam, Vellore-631003.",ELECTRONICS AND COMMUNICATION ENGINEERING,90.0*,—,—,—,—,—,—
26,1526,"Sri Krishna College of Engineering, T.R.S. Campus, Sri Krishna Nagar, Tiruttani Road,Arakkonam, Vellore-631003.",ELECTRICAL AND ELECTRONICS ENGINEERING,107.5*,—,—,—,—,—,—
26,1526,"Sri Krishna College of Engineering, T.R.S. Campus, Sri Krishna Nagar, Tiruttani Road,Arakkonam, Vellore-631003.",MECHANICAL ENGINEERING,102.0*,—,—,—,—,—,—
26,1529,"Oxford College of Engineering, Venmani Village, Karaipoondi Post, Polur, Tiruvannamalai-606803.",CIVIL ENGINEERING,—,—,—,—,—,—,—
26,1529,"Oxford College of Engineering, Venmani Village, Karaipoondi Post, Polur, Tiruvannamalai-606803.",COMPUTER SCIENCE AND ENGINEERING,103.5*,—,—,—,—,—,—
26,1529,"Oxford College of Engineering, Venmani Village, Karaipoondi Post, Polur, Tiruvannamalai-606803.",ELECTRONICS AND COMMUNICATION ENGINEERING,—,—,—,—,—,—,—
26,1529,"Oxford College of Engineering, Venmani Village, Karaipoondi Post, Polur, Tiruvannamalai-606803.",ELECTRICAL AND ELECTRONICS ENGINEERING,121.5*,—,—,—,—,—,—
26,1529,"Oxford College of Engineering, Venmani Village, Karaipoondi Post, Polur, Tiruvannamalai-606803.",MECHANICAL ENGINEERING,97.5*,—,—,—,—,—,—
26,1605,"Idhaya Engineering College for Women, Nainarpalayam Road,Chinna Salem, Villupuram District.-606201.",COMPUTER SCIENCE AND ENGINEERING,141.5,106.0*,109.0*,124.5*,98.5*,114.0*,121.5
26,1605,"Idhaya Engineering College for Women, Nainarpalayam Road,Chinna Salem, Villupuram District.-606201.",ELECTRONICS AND COMMUNICATION ENGINEERING,99.5,—,—,—,—,—,95.5
26,1605,"Idhaya Engineering College for Women, Nainarpalayam Road,Chinna Salem, Villupuram District.-606201.",ELECTRICAL AND ELECTRONICS ENGINEERING,157.0*,—,—,—,—,—,—
26,1605,"Idhaya Engineering College for Women, Nainarpalayam Road,Chinna Salem, Villupuram District.-606201.",INFORMATION TECHNOLOGY,145.0,131.5*,—,133.5*,97.5*,—,—
26,2302,"Sri Shanmugha College of Engineering and Technology (Autonomous), Pullipalayam, Morur(PO), Sankari Taluk, Salem District-637304.",Artificial Intelligence and Data Science,128.0,88.5*,122.0*,83.5,85.0*,99.5,104.0
26,2302,"Sri Shanmugha College of Engineering and Technology (Autonomous), Pullipalayam, Morur(PO), Sankari Taluk, Salem District-637304.",AGRICULTURAL ENGINEERING,132.0,80.5*,—,87.5,102.0,130.5,—
26,2302,"Sri Shanmugha College of Engineering and Technology (Autonomous), Pullipalayam, Morur(PO), Sankari Taluk, Salem District-637304.",BIO MEDICAL ENGINEERING,131.5,92.5,129.5,95.0,97.0*,118.5,—
26,2302,"Sri Shanmugha College of Engineering and Technology (Autonomous), Pullipalayam, Morur(PO), Sankari Taluk, Salem District-637304.",COMPUTER SCIENCE AND ENGINEERING,150.5,111.0,108.0,125.5,98.5*,102.5,—
26,2302,"Sri Shanmugha College of Engineering and Technology (Autonomous), Pullipalayam, Morur(PO), Sankari Taluk, Salem District-637304.",ELECTRONICS AND COMMUNICATION ENGINEERING,138.5,96.0,100.0*,125.0,91.0,113.5,—
26,2302,"Sri Shanmugha College of Engineering and Technology (Autonomous), Pullipalayam, Morur(PO), Sankari Taluk, Salem District-637304.",INFORMATION TECHNOLOGY,147.0,123.5,98.0,109.0,90.5*,151.0,—
26,2302,"Sri Shanmugha College of Engineering and Technology (Autonomous), Pullipalayam, Morur(PO), Sankari Taluk, Salem District-637304.",MECHANICAL ENGINEERING,116.5,86.0,—,99.0,81.5*,115.0,—
26,2302,"Sri Shanmugha College of Engineering and Technology (Autonomous), Pullipalayam, Morur(PO), Sankari Taluk, Salem District-637304.",Computer Science and Engineering (Cyber Security),139.0,116.0,—,115.0,87.0*,117.0,—
26,2327,"N.S.N. College of Engineering and Technology, N.S.N, Kalvi Nagar, Karur - Madurai NH-7, Manalmedu, Karur-639003.",Artificial Intelligence and Data Science,125.5,89.0*,87.5*,81.5*,85.5,124.0,—
26,2327,"N.S.N. College of Engineering and Technology, N.S.N, Kalvi Nagar, Karur - Madurai NH-7, Manalmedu, Karur-639003.",CIVIL ENGINEERING,122.5,81.5*,—,97.0*,119.5*,—,—
27,2327,"N.S.N. College of Engineering and Technology, N.S.N, Kalvi Nagar, Karur - Madurai NH-7, Manalmedu, Karur-639003.",COMPUTER SCIENCE AND ENGINEERING,127.0,99.0*,108.0*,102.0*,88.0,115.0,—
27,2327,"N.S.N. College of Engineering and Technology, N.S.N, Kalvi Nagar, Karur - Madurai NH-7, Manalmedu, Karur-639003.",ELECTRONICS AND COMMUNICATION ENGINEERING,109.0,84.0*,—,89.5*,85.0*,94.0,—
27,2327,"N.S.N. College of Engineering and Technology, N.S.N, Kalvi Nagar, Karur - Madurai NH-7, Manalmedu, Karur-639003.",ELECTRICAL AND ELECTRONICS ENGINEERING,106.5,—,—,—,—,87.0,—
27,2327,"N.S.N. College of Engineering and Technology, N.S.N, Kalvi Nagar, Karur - Madurai NH-7, Manalmedu, Karur-639003.",INFORMATION TECHNOLOGY,122.0,85.5*,101.0*,88.0*,91.0*,81.5,—
27,2327,"N.S.N. College of Engineering and Technology, N.S.N, Kalvi Nagar, Karur - Madurai NH-7, Manalmedu, Karur-639003.",MECHANICAL ENGINEERING,113.5,100.5*,87.0,91.0*,86.5*,—,—
27,2329,"Rathinam Technical Campus (Autonomous), Rathinam Techzone Campus, Pollachi Road, Eachanari, Coimbatore-641021.",Artificial Intelligence and Data Science,180.1,174.0,166.0,166.5,143.6,156.4,—
27,2329,"Rathinam Technical Campus (Autonomous), Rathinam Techzone Campus, Pollachi Road, Eachanari, Coimbatore-641021.",AGRICULTURAL ENGINEERING,168.5,166.0,—,163.0,142.0,—,—
27,2329,"Rathinam Technical Campus (Autonomous), Rathinam Techzone Campus, Pollachi Road, Eachanari, Coimbatore-641021.",COMPUTER SCIENCE AND ENGINEERING (AI AND MACHINE LEARNING),174.5,170.0,170.0,164.5,145.0,154.5,148.5
27,2329,"Rathinam Technical Campus (Autonomous), Rathinam Techzone Campus, Pollachi Road, Eachanari, Coimbatore-641021.",BIO TECHNOLOGY,169.5,167.5,167.0,164.5,145.0,141.5,120.0
27,2329,"Rathinam Technical Campus (Autonomous), Rathinam Techzone Campus, Pollachi Road, Eachanari, Coimbatore-641021.",COMPUTER SCIENCE AND ENGINEERING,179.0,172.5,170.0,169.0,153.0,151.0,130.5
27,2329,"Rathinam Technical Campus (Autonomous), Rathinam Techzone Campus, Pollachi Road, Eachanari, Coimbatore-641021.",ELECTRONICS AND COMMUNICATION ENGINEERING,174.0,168.5,167.5,165.4,142.5,134.0,118.5
27,2329,"Rathinam Technical Campus (Autonomous), Rathinam Techzone Campus, Pollachi Road, Eachanari, Coimbatore-641021.",INFORMATION TECHNOLOGY,174.5,171.0,167.5,165.0,142.0,140.0,137.5
27,2329,"Rathinam Technical Campus (Autonomous), Rathinam Techzone Campus, Pollachi Road, Eachanari, Coimbatore-641021.",MECHANICAL ENGINEERING,168.5,166.5,166.5,165.5,144.0,135.0,—
27,2329,"Rathinam Technical Campus (Autonomous), Rathinam Techzone Campus, Pollachi Road, Eachanari, Coimbatore-641021.",Mechatronics Engineering,168.0,167.0,—,165.5,142.5,—,—
27,2329,"Rathinam Technical Campus (Autonomous), Rathinam Techzone Campus, Pollachi Road, Eachanari, Coimbatore-641021.",Computer Science and Engineering (Cyber Security),173.5,168.5,165.5,164.2,143.0,132.0,124.5
27,2329,"Rathinam Technical Campus (Autonomous), Rathinam Techzone Campus, Pollachi Road, Eachanari, Coimbatore-641021.",COMPUTER SCIENCE AND ENGINEERING (TAMIL),171.0,167.5,164.5,164.0,140.5,134.0,—
27,2332,"Aishwarya College of Engineering and Technology, Errattaikarad, Paruvachi (Post), Anthiyur, Bhavani (Taluk), Erode District-638312.",Artificial Intelligence and Data Science,104.0*,—,—,—,—,—,—
27,2332,"Aishwarya College of Engineering and Technology, Errattaikarad, Paruvachi (Post), Anthiyur, Bhavani (Taluk), Erode District-638312.",CIVIL ENGINEERING,—,—,—,—,—,—,—
27,2332,"Aishwarya College of Engineering and Technology, Errattaikarad, Paruvachi (Post), Anthiyur, Bhavani (Taluk), Erode District-638312.",COMPUTER SCIENCE AND ENGINEERING,—,—,—,—,—,—,—
27,2332,"Aishwarya College of Engineering and Technology, Errattaikarad, Paruvachi (Post), Anthiyur, Bhavani (Taluk), Erode District-638312.",ELECTRONICS AND COMMUNICATION ENGINEERING,—,—,—,—,—,—,—
27,2332,"Aishwarya College of Engineering and Technology, Errattaikarad, Paruvachi (Post), Anthiyur, Bhavani (Taluk), Erode District-638312.",ELECTRICAL AND ELECTRONICS ENGINEERING,—,—,—,—,—,—,—
27,2332,"Aishwarya College of Engineering and Technology, Errattaikarad, Paruvachi (Post), Anthiyur, Bhavani (Taluk), Erode District-638312.",MECHANICAL ENGINEERING,—,—,—,—,—,—,—
27,2338,"Asian College of Engineering and Technology, 294/2,Asian College Road, Kondayampalayam, Near Saravanampatti, Coimbatore-641110.",Artificial Intelligence and Data Science,124.0,103.5*,107.5*,86.0*,113.5,99.5,—
27,2338,"Asian College of Engineering and Technology, 294/2,Asian College Road, Kondayampalayam, Near Saravanampatti, Coimbatore-641110.",AGRICULTURAL ENGINEERING,90.5*,—,—,—,—,—,—
27,2338,"Asian College of Engineering and Technology, 294/2,Asian College Road, Kondayampalayam, Near Saravanampatti, Coimbatore-641110.",BIO MEDICAL ENGINEERING,104.5,96.5*,—,—,87.5,—,—
27,2338,"Asian College of Engineering and Technology, 294/2,Asian College Road, Kondayampalayam, Near Saravanampatti, Coimbatore-641110.",COMPUTER SCIENCE AND ENGINEERING,134.0,86.5*,—,89.0*,103.0,115.5,101.5
27,2338,"Asian College of Engineering and Technology, 294/2,Asian College Road, Kondayampalayam, Near Saravanampatti, Coimbatore-641110.",ELECTRICAL AND ELECTRONICS ENGINEERING,90.0,—,—,—,—,—,—
27,2338,"Asian College of Engineering and Technology, 294/2,Asian College Road, Kondayampalayam, Near Saravanampatti, Coimbatore-641110.",INFORMATION TECHNOLOGY,116.0,103.5*,88.0,95.0*,93.0,102.5*,—
27,2338,"Asian College of Engineering and Technology, 294/2,Asian College Road, Kondayampalayam, Near Saravanampatti, Coimbatore-641110.",MECHANICAL ENGINEERING,88.0,—,—,—,—,—,—
27,2341,"Ganesh College of Engineering, Attur Main Road, Mettupatti, Salem-636111.",Artificial Intelligence and Data Science,111.5,80.0*,—,92.0*,89.0*,—,—
27,2341,"Ganesh College of Engineering, Attur Main Road, Mettupatti, Salem-636111.",BIO MEDICAL ENGINEERING,89.5,—,—,83.5*,—,—,—
27,2341,"Ganesh College of Engineering, Attur Main Road, Mettupatti, Salem-636111.",CIVIL ENGINEERING,91.5*,—,—,—,—,—,—
27,2341,"Ganesh College of Engineering, Attur Main Road, Mettupatti, Salem-636111.",COMPUTER SCIENCE AND ENGINEERING,114.0,93.5*,—,83.5*,85.5*,—,—
27,2341,"Ganesh College of Engineering, Attur Main Road, Mettupatti, Salem-636111.",ELECTRONICS AND COMMUNICATION ENGINEERING,110.0,84.5*,—,103.5*,101.0*,—,—
27,2341,"Ganesh College of Engineering, Attur Main Road, Mettupatti, Salem-636111.",ELECTRICAL AND ELECTRONICS ENGINEERING,106.0,—,—,83.5*,—,—,—
27,2341,"Ganesh College of Engineering, Attur Main Road, Mettupatti, Salem-636111.",INFORMATION TECHNOLOGY,104.5,—,—,84.0*,99.0*,—,—
27,2341,"Ganesh College of Engineering, Attur Main Road, Mettupatti, Salem-636111.",MECHANICAL ENGINEERING,87.0*,—,—,—,—,—,—
27,2342,"Sri Ranganathar Institute of Engineering and Technology (Autonomous), S.F No:162, Athipalayam village, Thudiyalur-kovilpalayam Road, Coimbatore-641110.",Artificial Intelligence and Data Science,149.0,129.0,140.0,124.5,104.5*,136.5,—
27,2342,"Sri Ranganathar Institute of Engineering and Technology (Autonomous), S.F No:162, Athipalayam village, Thudiyalur-kovilpalayam Road, Coimbatore-641110.",CIVIL ENGINEERING,111.5,93.5*,91.5,84.0*,—,108.0,—
27,2342,"Sri Ranganathar Institute of Engineering and Technology (Autonomous), S.F No:162, Athipalayam village, Thudiyalur-kovilpalayam Road, Coimbatore-641110.",COMPUTER SCIENCE AND ENGINEERING,146.5,122.0,102.5*,119.5,90.5*,102.5*,135.0
27,2342,"Sri Ranganathar Institute of Engineering and Technology (Autonomous), S.F No:162, Athipalayam village, Thudiyalur-kovilpalayam Road, Coimbatore-641110.",ELECTRONICS AND COMMUNICATION ENGINEERING,142.0,126.5,—,119.5,96.0*,119.0,—
27,2342,"Sri Ranganathar Institute of Engineering and Technology (Autonomous), S.F No:162, Athipalayam village, Thudiyalur-kovilpalayam Road, Coimbatore-641110.",ELECTRICAL AND ELECTRONICS ENGINEERING,121.5,116.5,—,109.0,99.0,—,—
27,2342,"Sri Ranganathar Institute of Engineering and Technology (Autonomous), S.F No:162, Athipalayam village, Thudiyalur-kovilpalayam Road, Coimbatore-641110.",INFORMATION TECHNOLOGY,145.0,121.5,133.0,128.5,125.0,121.0,130.5
27,2342,"Sri Ranganathar Institute of Engineering and Technology (Autonomous), S.F No:162, Athipalayam village, Thudiyalur-kovilpalayam Road, Coimbatore-641110.",MECHANICAL ENGINEERING,123.5,87.0*,—,90.5,110.0*,102.5,—
27,2345,"Dhirajlal Gandhi College of Technology (Autonomous), Sikkanampatty, Opposite to Airport,Omalur Taluk, Salem District-636309.",Artificial Intelligence and Data Science,145.5,112.0,135.0,140.0,93.0*,121.5*,120.5
27,2345,"Dhirajlal Gandhi College of Technology (Autonomous), Sikkanampatty, Opposite to Airport,Omalur Taluk, Salem District-636309.",AGRICULTURAL ENGINEERING,99.5,—,—,92.0,—,—,—
27,2345,"Dhirajlal Gandhi College of Technology (Autonomous), Sikkanampatty, Opposite to Airport,Omalur Taluk, Salem District-636309.",CIVIL ENGINEERING,137.5,107.5*,—,122.0,94.0*,—,—
27,2345,"Dhirajlal Gandhi College of Technology (Autonomous), Sikkanampatty, Opposite to Airport,Omalur Taluk, Salem District-636309.",COMPUTER SCIENCE AND ENGINEERING,148.0,122.0,109.5*,140.0,92.0*,99.5,115.5
27,2345,"Dhirajlal Gandhi College of Technology (Autonomous), Sikkanampatty, Opposite to Airport,Omalur Taluk, Salem District-636309.",ELECTRONICS AND COMMUNICATION ENGINEERING,148.5,131.0,106.0,140.5,95.5*,125.0,—
27,2345,"Dhirajlal Gandhi College of Technology (Autonomous), Sikkanampatty, Opposite to Airport,Omalur Taluk, Salem District-636309.",ELECTRICAL AND ELECTRONICS ENGINEERING,134.5,110.5*,—,131.5,102.0*,—,109.0
28,2345,"Dhirajlal Gandhi College of Technology (Autonomous), Sikkanampatty, Opposite to Airport,Omalur Taluk, Salem District-636309.",INFORMATION TECHNOLOGY,140.5,117.5,126.0,137.5,82.0*,120.5,—
28,2345,"Dhirajlal Gandhi College of Technology (Autonomous), Sikkanampatty, Opposite to Airport,Omalur Taluk, Salem District-636309.",MECHANICAL ENGINEERING,128.0,117.5,—,116.5,82.5*,87.0,—
28,2345,"Dhirajlal Gandhi College of Technology (Autonomous), Sikkanampatty, Opposite to Airport,Omalur Taluk, Salem District-636309.",ROBOTICS AND AUTOMATION,120.0,—,118.0,115.0,—,—,—
28,2346,"Shree Sathyam College of Engineering and Technology, Manjakkal Patti, Kuppanur Post, Sankari Taluk, Salem District-637301.",Artificial Intelligence and Data Science,112.0*,—,—,—,—,—,—
28,2346,"Shree Sathyam College of Engineering and Technology, Manjakkal Patti, Kuppanur Post, Sankari Taluk, Salem District-637301.",BIO MEDICAL ENGINEERING,144.5*,—,—,—,—,—,—
28,2346,"Shree Sathyam College of Engineering and Technology, Manjakkal Patti, Kuppanur Post, Sankari Taluk, Salem District-637301.",COMPUTER SCIENCE AND ENGINEERING,96.0,—,—,92.5*,—,—,—
28,2346,"Shree Sathyam College of Engineering and Technology, Manjakkal Patti, Kuppanur Post, Sankari Taluk, Salem District-637301.",ELECTRONICS AND COMMUNICATION ENGINEERING,92.0,—,—,—,—,—,—
28,2346,"Shree Sathyam College of Engineering and Technology, Manjakkal Patti, Kuppanur Post, Sankari Taluk, Salem District-637301.",ELECTRICAL AND ELECTRONICS ENGINEERING,95.5,—,—,95.0*,—,—,—
28,2346,"Shree Sathyam College of Engineering and Technology, Manjakkal Patti, Kuppanur Post, Sankari Taluk, Salem District-637301.",INFORMATION TECHNOLOGY,93.0,—,—,81.5*,—,—,—
28,2346,"Shree Sathyam College of Engineering and Technology, Manjakkal Patti, Kuppanur Post, Sankari Taluk, Salem District-637301.",MECHANICAL ENGINEERING,105.5,83.5*,—,—,—,—,—
28,2347,"A V S College of Technology, Attur Main Road, Near AVS College of Arts & Science, Chinnagoundapuram, Salem-636106.",Artificial Intelligence and Data Science,133.0,80.0*,85.5*,108.0,94.0,88.5,117.5
28,2347,"A V S College of Technology, Attur Main Road, Near AVS College of Arts & Science, Chinnagoundapuram, Salem-636106.",AGRICULTURAL ENGINEERING,108.5,—,—,101.0,83.0*,—,108.0
28,2347,"A V S College of Technology, Attur Main Road, Near AVS College of Arts & Science, Chinnagoundapuram, Salem-636106.",COMPUTER SCIENCE AND ENGINEERING,133.5,90.5*,99.0*,109.0,97.0,114.0,121.0
28,2347,"A V S College of Technology, Attur Main Road, Near AVS College of Arts & Science, Chinnagoundapuram, Salem-636106.",ELECTRONICS AND COMMUNICATION ENGINEERING,146.0,104.5*,82.5*,114.5,125.0,121.5,—
28,2347,"A V S College of Technology, Attur Main Road, Near AVS College of Arts & Science, Chinnagoundapuram, Salem-636106.",ELECTRICAL AND ELECTRONICS ENGINEERING,113.5,87.0*,—,106.5,94.0,97.5,—
28,2347,"A V S College of Technology, Attur Main Road, Near AVS College of Arts & Science, Chinnagoundapuram, Salem-636106.",INFORMATION TECHNOLOGY,121.0,89.0*,—,107.5,91.0,95.5,—
28,2347,"A V S College of Technology, Attur Main Road, Near AVS College of Arts & Science, Chinnagoundapuram, Salem-636106.",MECHANICAL ENGINEERING,110.0,97.5*,87.5*,105.0,87.0,87.0*,—
28,2349,"Dhaanish Ahmed Institute of Technology, Pitchanur Village, Coimbatore-641018.",Artificial Intelligence and Data Science,169.5,153.5,167.5,156.5,111.5,—,—
28,2349,"Dhaanish Ahmed Institute of Technology, Pitchanur Village, Coimbatore-641018.",COMPUTER SCIENCE AND ENGINEERING (AI AND MACHINE LEARNING),166.5,150.0,164.0,147.5,161.0*,—,—
28,2349,"Dhaanish Ahmed Institute of Technology, Pitchanur Village, Coimbatore-641018.",BIO MEDICAL ENGINEERING,151.0,111.0,144.5,119.0,89.5,93.5,—
28,2349,"Dhaanish Ahmed Institute of Technology, Pitchanur Village, Coimbatore-641018.",COMPUTER SCIENCE AND ENGINEERING,171.5,159.0,169.0,155.5,114.0,143.5,109.0
28,2349,"Dhaanish Ahmed Institute of Technology, Pitchanur Village, Coimbatore-641018.",ELECTRONICS AND COMMUNICATION ENGINEERING,162.5,150.5,161.0,150.0,150.5*,145.0,—
28,2349,"Dhaanish Ahmed Institute of Technology, Pitchanur Village, Coimbatore-641018.",FOOD TECHNOLOGY,135.0,95.0,129.5,83.0*,86.0,110.0,—
28,2349,"Dhaanish Ahmed Institute of Technology, Pitchanur Village, Coimbatore-641018.",INFORMATION TECHNOLOGY,165.0,150.0,165.0,147.5,113.0,—,—
28,2349,"Dhaanish Ahmed Institute of Technology, Pitchanur Village, Coimbatore-641018.",ROBOTICS AND AUTOMATION,160.0,135.5,143.5,116.5,107.0*,106.5,—
28,2349,"Dhaanish Ahmed Institute of Technology, Pitchanur Village, Coimbatore-641018.",Computer Science and Engineering (Cyber Security),164.5,151.0,161.0,146.0,104.0,—,—
28,2350,"Jairupaa College of Engineering, Thottiapalayam, Kathankanni-Po, Kangayam-Tk, Tiruppur-641604.",CIVIL ENGINEERING,—,—,—,—,—,—,—
28,2350,"Jairupaa College of Engineering, Thottiapalayam, Kathankanni-Po, Kangayam-Tk, Tiruppur-641604.",COMPUTER SCIENCE AND ENGINEERING,—,—,—,—,—,—,—
28,2350,"Jairupaa College of Engineering, Thottiapalayam, Kathankanni-Po, Kangayam-Tk, Tiruppur-641604.",ELECTRONICS AND COMMUNICATION ENGINEERING,156.6*,—,—,—,—,—,—
28,2350,"Jairupaa College of Engineering, Thottiapalayam, Kathankanni-Po, Kangayam-Tk, Tiruppur-641604.",ELECTRICAL AND ELECTRONICS ENGINEERING,104.8*,—,—,—,—,—,—
28,2350,"Jairupaa College of Engineering, Thottiapalayam, Kathankanni-Po, Kangayam-Tk, Tiruppur-641604.",MECHANICAL ENGINEERING,—,—,—,—,—,—,—
28,2354,"Pollachi Institute of Engineering and Technology, 107/1, Poosaripatti Village, Pollachi to Dharapuram road, Poosaripatti(post) Pollachi, Coimbatore-642205.",Artificial Intelligence and Data Science,121.0,94.5*,104.0,89.5*,113.5*,120.0,—
28,2354,"Pollachi Institute of Engineering and Technology, 107/1, Poosaripatti Village, Pollachi to Dharapuram road, Poosaripatti(post) Pollachi, Coimbatore-642205.",CIVIL ENGINEERING,85.5*,—,—,—,—,—,—
28,2354,"Pollachi Institute of Engineering and Technology, 107/1, Poosaripatti Village, Pollachi to Dharapuram road, Poosaripatti(post) Pollachi, Coimbatore-642205.",COMPUTER SCIENCE AND ENGINEERING,132.0,123.0*,—,108.0,111.5*,120.0,—
28,2354,"Pollachi Institute of Engineering and Technology, 107/1, Poosaripatti Village, Pollachi to Dharapuram road, Poosaripatti(post) Pollachi, Coimbatore-642205.",ELECTRONICS AND COMMUNICATION ENGINEERING,130.0,99.0*,113.5,91.0*,111.0*,129.5,—
28,2354,"Pollachi Institute of Engineering and Technology, 107/1, Poosaripatti Village, Pollachi to Dharapuram road, Poosaripatti(post) Pollachi, Coimbatore-642205.",ELECTRICAL AND ELECTRONICS ENGINEERING,114.5,102.0*,—,—,—,—,—
28,2354,"Pollachi Institute of Engineering and Technology, 107/1, Poosaripatti Village, Pollachi to Dharapuram road, Poosaripatti(post) Pollachi, Coimbatore-642205.",INFORMATION TECHNOLOGY,121.0,—,—,114.0*,111.5*,114.0,—
28,2354,"Pollachi Institute of Engineering and Technology, 107/1, Poosaripatti Village, Pollachi to Dharapuram road, Poosaripatti(post) Pollachi, Coimbatore-642205.",MECHANICAL ENGINEERING,99.5,83.0*,82.5*,94.0*,87.5*,—,—
28,2356,"Arulmurugan College of Engineering, Karvazhi Road, Thennilai, Aravakurichy Taluk, Karur-639206.",Artificial Intelligence and Data Science,90.5*,—,—,—,—,—,—
28,2356,"Arulmurugan College of Engineering, Karvazhi Road, Thennilai, Aravakurichy Taluk, Karur-639206.",COMPUTER SCIENCE AND ENGINEERING,109.0*,—,—,—,—,—,—
28,2356,"Arulmurugan College of Engineering, Karvazhi Road, Thennilai, Aravakurichy Taluk, Karur-639206.",ELECTRONICS AND COMMUNICATION ENGINEERING,127.0*,—,—,—,—,—,—
28,2356,"Arulmurugan College of Engineering, Karvazhi Road, Thennilai, Aravakurichy Taluk, Karur-639206.",ELECTRICAL AND ELECTRONICS ENGINEERING,—,—,—,—,—,—,—
28,2356,"Arulmurugan College of Engineering, Karvazhi Road, Thennilai, Aravakurichy Taluk, Karur-639206.",MECHANICAL ENGINEERING,80.5*,—,—,—,—,—,—
28,2357,"V.S.B. College of Engineering Technical Campus (Autonomous), S.F. No.91/2A,91/2B,252, 253/1, Solavampalayam Village, Kinathukadavu, Pollachi Taluk, Coimbatore District-642109.",Artificial Intelligence and Data Science,160.0,150.0,133.5,140.5,80.5*,103.5*,—
28,2357,"V.S.B. College of Engineering Technical Campus (Autonomous), S.F. No.91/2A,91/2B,252, 253/1, Solavampalayam Village, Kinathukadavu, Pollachi Taluk, Coimbatore District-642109.",AGRICULTURAL ENGINEERING,142.0,117.5,—,110.5,104.5*,120.5,—
28,2357,"V.S.B. College of Engineering Technical Campus (Autonomous), S.F. No.91/2A,91/2B,252, 253/1, Solavampalayam Village, Kinathukadavu, Pollachi Taluk, Coimbatore District-642109.",COMPUTER SCIENCE AND ENGINEERING (AI AND MACHINE LEARNING),161.0,151.0,143.0,145.5,83.5*,93.0*,—
28,2357,"V.S.B. College of Engineering Technical Campus (Autonomous), S.F. No.91/2A,91/2B,252, 253/1, Solavampalayam Village, Kinathukadavu, Pollachi Taluk, Coimbatore District-642109.",COMPUTER SCIENCE AND ENGINEERING,173.0,164.5,150.0,152.0,101.0*,93.0,117.5
28,2357,"V.S.B. College of Engineering Technical Campus (Autonomous), S.F. No.91/2A,91/2B,252, 253/1, Solavampalayam Village, Kinathukadavu, Pollachi Taluk, Coimbatore District-642109.",ELECTRONICS AND COMMUNICATION ENGINEERING,160.5,150.5,131.0,140.0,95.5*,115.5*,—
28,2357,"V.S.B. College of Engineering Technical Campus (Autonomous), S.F. No.91/2A,91/2B,252, 253/1, Solavampalayam Village, Kinathukadavu, Pollachi Taluk, Coimbatore District-642109.",ELECTRICAL AND ELECTRONICS ENGINEERING,150.5,144.5,117.5,135.0,106.5*,129.0,—
28,2357,"V.S.B. College of Engineering Technical Campus (Autonomous), S.F. No.91/2A,91/2B,252, 253/1, Solavampalayam Village, Kinathukadavu, Pollachi Taluk, Coimbatore District-642109.",INFORMATION TECHNOLOGY,161.5,156.0,144.0,145.0,91.5*,114.0*,99.5
29,2357,"V.S.B. College of Engineering Technical Campus (Autonomous), S.F. No.91/2A,91/2B,252, 253/1, Solavampalayam Village, Kinathukadavu, Pollachi Taluk, Coimbatore District-642109.",MECHANICAL ENGINEERING,141.0,125.5,122.5,138.5,—,—,—
29,2360,"Suguna College of Engineering, Nehru Nagar (West), Kalapatti Road, Civil Aerodrome (Post), Coimbatore-641014.",Artificial Intelligence and Data Science,136.0,115.5,104.5,124.5,108.5,133.5,—
29,2360,"Suguna College of Engineering, Nehru Nagar (West), Kalapatti Road, Civil Aerodrome (Post), Coimbatore-641014.",AGRICULTURAL ENGINEERING,121.0,84.0*,111.0,93.5*,103.5,118.5,—
29,2360,"Suguna College of Engineering, Nehru Nagar (West), Kalapatti Road, Civil Aerodrome (Post), Coimbatore-641014.",COMPUTER SCIENCE AND ENGINEERING,142.5,113.0,129.0,118.0,110.0,120.0,—
29,2360,"Suguna College of Engineering, Nehru Nagar (West), Kalapatti Road, Civil Aerodrome (Post), Coimbatore-641014.",ELECTRONICS AND COMMUNICATION ENGINEERING,135.5,112.5,—,109.5,116.0,123.0,132.5
29,2360,"Suguna College of Engineering, Nehru Nagar (West), Kalapatti Road, Civil Aerodrome (Post), Coimbatore-641014.",INFORMATION TECHNOLOGY,139.5,115.0,—,117.0,116.5,137.5,—
29,2360,"Suguna College of Engineering, Nehru Nagar (West), Kalapatti Road, Civil Aerodrome (Post), Coimbatore-641014.",MECHANICAL ENGINEERING,124.0,102.5,112.0,108.0,116.5,96.5,—
29,2360,"Suguna College of Engineering, Nehru Nagar (West), Kalapatti Road, Civil Aerodrome (Post), Coimbatore-641014.",Mechatronics Engineering,123.5,100.5,96.5,98.5,110.5,—,—
29,2361,"SASI CREATIVE SCHOOL OF ARCHITECTURE, 293/2B, ROJA RAJA GARDEN, POLLACHI MAIN ROAD, MYLERIPALAYAM, COIMBATORE-641032.",Interior Design,100.5,—,99.5,—,—,—,—
29,2367,"Arjun College of Technology, 310/1B, Chettiyakkapalayam, Kinathukadavu, Coimbatore-642120.",Artificial Intelligence and Data Science,143.5,122.0,106.5*,116.0,118.0,133.5*,—
29,2367,"Arjun College of Technology, 310/1B, Chettiyakkapalayam, Kinathukadavu, Coimbatore-642120.",COMPUTER SCIENCE AND ENGINEERING (AI AND MACHINE LEARNING),127.5,104.5,100.5*,101.0,96.5,111.0,—
29,2367,"Arjun College of Technology, 310/1B, Chettiyakkapalayam, Kinathukadavu, Coimbatore-642120.",COMPUTER SCIENCE AND BUSSINESS SYSTEM,123.5,104.5,103.5*,102.5,100.5,—,—
29,2367,"Arjun College of Technology, 310/1B, Chettiyakkapalayam, Kinathukadavu, Coimbatore-642120.",CIVIL ENGINEERING,115.5,101.0*,—,111.0*,103.5,—,—
29,2367,"Arjun College of Technology, 310/1B, Chettiyakkapalayam, Kinathukadavu, Coimbatore-642120.",COMPUTER SCIENCE AND ENGINEERING,136.0,114.0,108.0*,101.0,108.0,111.5,107.5
29,2367,"Arjun College of Technology, 310/1B, Chettiyakkapalayam, Kinathukadavu, Coimbatore-642120.",ELECTRONICS AND COMMUNICATION ENGINEERING,150.5,117.0,139.5,143.0,119.5,—,—
29,2367,"Arjun College of Technology, 310/1B, Chettiyakkapalayam, Kinathukadavu, Coimbatore-642120.",INFORMATION TECHNOLOGY,146.0,109.5,—,114.0,113.0,128.5,—
29,2367,"Arjun College of Technology, 310/1B, Chettiyakkapalayam, Kinathukadavu, Coimbatore-642120.",MECHANICAL ENGINEERING,130.0,88.0*,—,111.0,115.0,86.5,—
29,2367,"Arjun College of Technology, 310/1B, Chettiyakkapalayam, Kinathukadavu, Coimbatore-642120.",Computer Science and Engineering (Cyber Security),130.5,111.5,112.0*,105.0,106.0,124.5,81.0
29,2377,"PSG Institute of Technology and Applied Research(Autonomous), Avinashi Road,Neelambur, Sulur,Coimbatore -641062.",Artificial Intelligence and Data Science,196.0,195.5,193.0,194.5,182.5,180.5,—
29,2377,"PSG Institute of Technology and Applied Research(Autonomous), Avinashi Road,Neelambur, Sulur,Coimbatore -641062.",CIVIL ENGINEERING,186.0,183.0,182.5,181.5,171.0,169.0,—
29,2377,"PSG Institute of Technology and Applied Research(Autonomous), Avinashi Road,Neelambur, Sulur,Coimbatore -641062.",COMPUTER SCIENCE AND ENGINEERING,197.0,196.0,195.5,195.0,184.0,178.0,177.0
29,2377,"PSG Institute of Technology and Applied Research(Autonomous), Avinashi Road,Neelambur, Sulur,Coimbatore -641062.",ELECTRONICS AND COMMUNICATION ENGINEERING,196.5,196.0,195.0,194.5,183.0,186.5,176.0
29,2377,"PSG Institute of Technology and Applied Research(Autonomous), Avinashi Road,Neelambur, Sulur,Coimbatore -641062.",ELECTRICAL AND ELECTRONICS ENGINEERING,194.5,193.0,191.5,191.5,177.0,174.0,146.0
29,2377,"PSG Institute of Technology and Applied Research(Autonomous), Avinashi Road,Neelambur, Sulur,Coimbatore -641062.",Electronics Engineering (VLSI Design and Technology),195.0,194.5,195.0,192.0,176.5,179.5,—
29,2377,"PSG Institute of Technology and Applied Research(Autonomous), Avinashi Road,Neelambur, Sulur,Coimbatore -641062.",INSTRUMENTATION AND CONTROL ENGINEERING,191.5,189.5,188.0,188.0,165.5,167.0,161.5
29,2377,"PSG Institute of Technology and Applied Research(Autonomous), Avinashi Road,Neelambur, Sulur,Coimbatore -641062.",MECHANICAL ENGINEERING,189.5,187.0,186.5,184.5,171.5,164.0,137.5
29,2601,"Adhiyamaan College of Engineering (Autonomous), Aeri Campus, Dr.M.G.R.Nagar, Hosur, Krishnagiri District-635109.",Artificial Intelligence and Data Science,155.0,124.0,146.5,129.5,113.5*,131.5,—
29,2601,"Adhiyamaan College of Engineering (Autonomous), Aeri Campus, Dr.M.G.R.Nagar, Hosur, Krishnagiri District-635109.",AERONAUTICAL ENGINEERING,112.0,—,—,101.5*,111.5*,—,—
29,2601,"Adhiyamaan College of Engineering (Autonomous), Aeri Campus, Dr.M.G.R.Nagar, Hosur, Krishnagiri District-635109.",COMPUTER SCIENCE AND ENGINEERING (AI AND MACHINE LEARNING),146.0,115.0,128.5,121.5,102.0,—,—
29,2601,"Adhiyamaan College of Engineering (Autonomous), Aeri Campus, Dr.M.G.R.Nagar, Hosur, Krishnagiri District-635109.",BIO MEDICAL ENGINEERING,116.5,86.5*,—,92.0*,97.5*,—,—
29,2601,"Adhiyamaan College of Engineering (Autonomous), Aeri Campus, Dr.M.G.R.Nagar, Hosur, Krishnagiri District-635109.",BIO TECHNOLOGY,130.5,113.5*,103.0,100.0*,—,—,—
29,2601,"Adhiyamaan College of Engineering (Autonomous), Aeri Campus, Dr.M.G.R.Nagar, Hosur, Krishnagiri District-635109.",COMPUTER SCIENCE AND BUSSINESS SYSTEM,131.0,114.0,117.5,115.0,—,—,—
29,2601,"Adhiyamaan College of Engineering (Autonomous), Aeri Campus, Dr.M.G.R.Nagar, Hosur, Krishnagiri District-635109.",CIVIL ENGINEERING,111.0,—,—,109.5*,—,—,—
29,2601,"Adhiyamaan College of Engineering (Autonomous), Aeri Campus, Dr.M.G.R.Nagar, Hosur, Krishnagiri District-635109.",CHEMICAL ENGINEERING,129.0,—,124.0,108.5,—,—,—
29,2601,"Adhiyamaan College of Engineering (Autonomous), Aeri Campus, Dr.M.G.R.Nagar, Hosur, Krishnagiri District-635109.",COMPUTER SCIENCE AND ENGINEERING,158.5,129.5,133.0,133.0,113.5*,113.0*,121.5
29,2601,"Adhiyamaan College of Engineering (Autonomous), Aeri Campus, Dr.M.G.R.Nagar, Hosur, Krishnagiri District-635109.",ELECTRONICS AND COMMUNICATION ENGINEERING,150.5,114.5,108.0,133.5,87.5*,115.5,—
29,2601,"Adhiyamaan College of Engineering (Autonomous), Aeri Campus, Dr.M.G.R.Nagar, Hosur, Krishnagiri District-635109.",ELECTRICAL AND ELECTRONICS ENGINEERING,128.0,86.0*,90.5*,112.0,—,—,—
29,2601,"Adhiyamaan College of Engineering (Autonomous), Aeri Campus, Dr.M.G.R.Nagar, Hosur, Krishnagiri District-635109.",INFORMATION TECHNOLOGY,156.0,120.0,134.0,130.5,100.0*,—,—
29,2601,"Adhiyamaan College of Engineering (Autonomous), Aeri Campus, Dr.M.G.R.Nagar, Hosur, Krishnagiri District-635109.",MECHANICAL ENGINEERING,118.0,92.5*,106.0,80.0*,116.0*,—,—
29,2601,"Adhiyamaan College of Engineering (Autonomous), Aeri Campus, Dr.M.G.R.Nagar, Hosur, Krishnagiri District-635109.",Computer Science and Engineering (Cyber Security),142.0,114.5,113.5,124.0,90.5*,129.5*,136.0
29,2602,"Annai Mathammal Sheela Engineering College, Erumapatty Post, Namakkal-637013.",Artificial Intelligence and Data Science,121.5*,—,—,—,—,—,—
29,2602,"Annai Mathammal Sheela Engineering College, Erumapatty Post, Namakkal-637013.",AGRICULTURAL ENGINEERING,146.0*,—,—,—,—,—,—
29,2602,"Annai Mathammal Sheela Engineering College, Erumapatty Post, Namakkal-637013.",COMPUTER SCIENCE AND ENGINEERING,133.5*,—,—,—,—,—,—
29,2602,"Annai Mathammal Sheela Engineering College, Erumapatty Post, Namakkal-637013.",ELECTRONICS AND COMMUNICATION ENGINEERING,—,—,—,—,—,—,—
29,2602,"Annai Mathammal Sheela Engineering College, Erumapatty Post, Namakkal-637013.",INFORMATION TECHNOLOGY,132.0*,—,—,—,—,—,—
29,2602,"Annai Mathammal Sheela Engineering College, Erumapatty Post, Namakkal-637013.",MEDICAL ELECTRONICS ENGINEERING,—,—,—,—,—,—,—
29,2602,"Annai Mathammal Sheela Engineering College, Erumapatty Post, Namakkal-637013.",MECHANICAL ENGINEERING,—,—,—,—,—,—,—
29,2602,"Annai Mathammal Sheela Engineering College, Erumapatty Post, Namakkal-637013.",ROBOTICS AND AUTOMATION,80.5*,—,—,—,—,—,—
29,2607,"K S Rangasamy College of Technology (Autonomous), K.S.R Kalvi Nagar, Thokkavadi, Tiruchengode Tk, Namakkal-637215.",Artificial Intelligence and Data Science,172.0,163.0,164.5,157.0,93.5*,—,—
29,2607,"K S Rangasamy College of Technology (Autonomous), K.S.R Kalvi Nagar, Thokkavadi, Tiruchengode Tk, Namakkal-637215.",COMPUTER SCIENCE AND ENGINEERING (AI AND MACHINE LEARNING),166.5,158.0,163.5,157.5,128.0*,137.0,—
30,2607,"K S Rangasamy College of Technology (Autonomous), K.S.R Kalvi Nagar, Thokkavadi, Tiruchengode Tk, Namakkal-637215.",BIO TECHNOLOGY,155.5,137.5,155.0*,132.0,109.0*,112.5,—
30,2607,"K S Rangasamy College of Technology (Autonomous), K.S.R Kalvi Nagar, Thokkavadi, Tiruchengode Tk, Namakkal-637215.",CIVIL ENGINEERING,144.0,128.5,93.0,130.5,103.0*,—,—
30,2607,"K S Rangasamy College of Technology (Autonomous), K.S.R Kalvi Nagar, Thokkavadi, Tiruchengode Tk, Namakkal-637215.",COMPUTER SCIENCE AND ENGINEERING,172.0,162.5,159.5,159.0,93.0*,103.5*,—
30,2607,"K S Rangasamy College of Technology (Autonomous), K.S.R Kalvi Nagar, Thokkavadi, Tiruchengode Tk, Namakkal-637215.",ELECTRONICS AND COMMUNICATION ENGINEERING,166.0,157.0,156.0,155.5,124.0*,143.0,—
30,2607,"K S Rangasamy College of Technology (Autonomous), K.S.R Kalvi Nagar, Thokkavadi, Tiruchengode Tk, Namakkal-637215.",ELECTRICAL AND ELECTRONICS ENGINEERING,153.5,145.0,134.0,146.5,110.5*,122.0,—
30,2607,"K S Rangasamy College of Technology (Autonomous), K.S.R Kalvi Nagar, Thokkavadi, Tiruchengode Tk, Namakkal-637215.",Electronics Engineering (VLSI Design and Technology),157.0,148.0,150.5,150.5,92.5*,—,—
30,2607,"K S Rangasamy College of Technology (Autonomous), K.S.R Kalvi Nagar, Thokkavadi, Tiruchengode Tk, Namakkal-637215.",FOOD TECHNOLOGY,151.0,122.0,138.5,128.0,112.5,129.5,—
30,2607,"K S Rangasamy College of Technology (Autonomous), K.S.R Kalvi Nagar, Thokkavadi, Tiruchengode Tk, Namakkal-637215.",INFORMATION TECHNOLOGY,166.0,159.0,154.0,155.0,118.0*,107.0*,—
30,2607,"K S Rangasamy College of Technology (Autonomous), K.S.R Kalvi Nagar, Thokkavadi, Tiruchengode Tk, Namakkal-637215.",MECHANICAL ENGINEERING,146.0,125.0,130.5,126.5,93.5*,136.0,—
30,2607,"K S Rangasamy College of Technology (Autonomous), K.S.R Kalvi Nagar, Thokkavadi, Tiruchengode Tk, Namakkal-637215.",Mechatronics Engineering,148.0,134.5,108.5,124.5,81.5*,105.0,—
30,2607,"K S Rangasamy College of Technology (Autonomous), K.S.R Kalvi Nagar, Thokkavadi, Tiruchengode Tk, Namakkal-637215.",TEXTILE TECHNOLOGY,149.0,122.5,140.0,127.5,103.0*,—,—
30,2608,"M.Kumarasamy College of Engineering (Autonomous), Thalavapalayam Post,Punjai Thottakkurichi Village, Karur Tk, Karur-639113.",Artificial Intelligence and Data Science,168.5,161.0,148.5,154.0,87.5*,121.5,—
30,2608,"M.Kumarasamy College of Engineering (Autonomous), Thalavapalayam Post,Punjai Thottakkurichi Village, Karur Tk, Karur-639113.",COMPUTER SCIENCE AND ENGINEERING (AI AND MACHINE LEARNING),166.0,159.5,158.0,154.0,146.0*,—,—
30,2608,"M.Kumarasamy College of Engineering (Autonomous), Thalavapalayam Post,Punjai Thottakkurichi Village, Karur Tk, Karur-639113.",COMPUTER SCIENCE AND BUSSINESS SYSTEM,166.0,158.0,—,152.5,148.0*,107.5,—
30,2608,"M.Kumarasamy College of Engineering (Autonomous), Thalavapalayam Post,Punjai Thottakkurichi Village, Karur Tk, Karur-639113.",CIVIL ENGINEERING,149.5,141.7,130.0,133.0,118.5*,124.0,—
30,2608,"M.Kumarasamy College of Engineering (Autonomous), Thalavapalayam Post,Punjai Thottakkurichi Village, Karur Tk, Karur-639113.",COMPUTER SCIENCE AND ENGINEERING,176.5,170.5,157.0,165.5,108.0,132.5,108.5
30,2608,"M.Kumarasamy College of Engineering (Autonomous), Thalavapalayam Post,Punjai Thottakkurichi Village, Karur Tk, Karur-639113.",ELECTRONICS AND COMMUNICATION ENGINEERING,169.0,160.0,147.5,151.0,99.5*,103.0,—
30,2608,"M.Kumarasamy College of Engineering (Autonomous), Thalavapalayam Post,Punjai Thottakkurichi Village, Karur Tk, Karur-639113.",ELECTRICAL AND ELECTRONICS ENGINEERING,151.0,143.5,141.0,135.5,85.0*,103.0,—
30,2608,"M.Kumarasamy College of Engineering (Autonomous), Thalavapalayam Post,Punjai Thottakkurichi Village, Karur Tk, Karur-639113.",Electronics Engineering (VLSI Design and Technology),159.0,153.0,127.0,145.5,91.0*,—,—
30,2608,"M.Kumarasamy College of Engineering (Autonomous), Thalavapalayam Post,Punjai Thottakkurichi Village, Karur Tk, Karur-639113.",INFORMATION TECHNOLOGY,170.0,164.0,155.5,155.0,128.5*,—,—
30,2608,"M.Kumarasamy College of Engineering (Autonomous), Thalavapalayam Post,Punjai Thottakkurichi Village, Karur Tk, Karur-639113.",MECHANICAL ENGINEERING,143.5,123.5,87.5,123.5,—,115.0*,—
30,2608,"M.Kumarasamy College of Engineering (Autonomous), Thalavapalayam Post,Punjai Thottakkurichi Village, Karur Tk, Karur-639113.",Computer Science and Engineering (Cyber Security),166.0,160.0,163.0,153.5,114.0*,—,—
30,2609,"Mahendra Engineering College (Autonomous), Mahendhirapuri, Mallasamudram West, Vadugapalayam Post,Tiruchengodu Taluk, Namakkal District-637503.",Artificial Intelligence and Data Science,148.0,101.0,136.0,134.5,80.5*,111.0,—
30,2609,"Mahendra Engineering College (Autonomous), Mahendhirapuri, Mallasamudram West, Vadugapalayam Post,Tiruchengodu Taluk, Namakkal District-637503.",AERONAUTICAL ENGINEERING,130.5,113.5*,—,104.5,103.5*,—,—
30,2609,"Mahendra Engineering College (Autonomous), Mahendhirapuri, Mallasamudram West, Vadugapalayam Post,Tiruchengodu Taluk, Namakkal District-637503.",AGRICULTURAL ENGINEERING,93.5,—,—,—,—,—,—
30,2609,"Mahendra Engineering College (Autonomous), Mahendhirapuri, Mallasamudram West, Vadugapalayam Post,Tiruchengodu Taluk, Namakkal District-637503.",CIVIL ENGINEERING,116.5,84.0*,—,99.5,89.0*,—,—
30,2609,"Mahendra Engineering College (Autonomous), Mahendhirapuri, Mallasamudram West, Vadugapalayam Post,Tiruchengodu Taluk, Namakkal District-637503.",COMPUTER SCIENCE AND ENGINEERING,157.5,131.0,133.5,139.5,102.0*,109.0,—
30,2609,"Mahendra Engineering College (Autonomous), Mahendhirapuri, Mallasamudram West, Vadugapalayam Post,Tiruchengodu Taluk, Namakkal District-637503.",Cyber Security,143.5,97.0*,123.5*,124.5,92.5*,107.5,—
30,2609,"Mahendra Engineering College (Autonomous), Mahendhirapuri, Mallasamudram West, Vadugapalayam Post,Tiruchengodu Taluk, Namakkal District-637503.",ELECTRONICS AND COMMUNICATION ENGINEERING,145.0,115.5,113.0,127.5,86.5*,—,103.0
30,2609,"Mahendra Engineering College (Autonomous), Mahendhirapuri, Mallasamudram West, Vadugapalayam Post,Tiruchengodu Taluk, Namakkal District-637503.",ELECTRICAL AND ELECTRONICS ENGINEERING,122.5,97.0*,84.5,111.5,100.5*,—,—
30,2609,"Mahendra Engineering College (Autonomous), Mahendhirapuri, Mallasamudram West, Vadugapalayam Post,Tiruchengodu Taluk, Namakkal District-637503.",INFORMATION TECHNOLOGY,147.5,122.0,119.5,129.0,87.5*,97.5,—
30,2609,"Mahendra Engineering College (Autonomous), Mahendhirapuri, Mallasamudram West, Vadugapalayam Post,Tiruchengodu Taluk, Namakkal District-637503.",MECHANICAL ENGINEERING,121.0,105.5*,89.0*,102.5,88.5*,79.5*,—
30,2609,"Mahendra Engineering College (Autonomous), Mahendhirapuri, Mallasamudram West, Vadugapalayam Post,Tiruchengodu Taluk, Namakkal District-637503.",Mechatronics Engineering,109.0,98.0*,—,91.0*,102.0*,—,—
30,2610,"Muthayammal Engineering College (Autonomous), Kakkaveri, Rasipuram (Tk), Namakkal District-637408.",Artificial Intelligence and Data Science,126.5,102.0*,96.5*,100.5,102.5*,101.0*,102.5*
30,2610,"Muthayammal Engineering College (Autonomous), Kakkaveri, Rasipuram (Tk), Namakkal District-637408.",COMPUTER SCIENCE AND ENGINEERING (AI AND MACHINE LEARNING),123.5,116.0*,—,97.0,100.5*,—,—
30,2610,"Muthayammal Engineering College (Autonomous), Kakkaveri, Rasipuram (Tk), Namakkal District-637408.",BIO MEDICAL ENGINEERING,113.5,80.5*,—,81.5,83.0*,102.0,—
30,2610,"Muthayammal Engineering College (Autonomous), Kakkaveri, Rasipuram (Tk), Namakkal District-637408.",BIO TECHNOLOGY,119.0,91.0*,98.0*,84.0*,105.0*,88.0,—
30,2610,"Muthayammal Engineering College (Autonomous), Kakkaveri, Rasipuram (Tk), Namakkal District-637408.",COMPUTER SCIENCE AND BUSSINESS SYSTEM,114.0,103.5*,—,87.0,111.5*,—,—
30,2610,"Muthayammal Engineering College (Autonomous), Kakkaveri, Rasipuram (Tk), Namakkal District-637408.",CIVIL ENGINEERING,142.0,89.0*,—,107.5,102.0,122.0,—
30,2610,"Muthayammal Engineering College (Autonomous), Kakkaveri, Rasipuram (Tk), Namakkal District-637408.",COMPUTER SCIENCE AND ENGINEERING,140.5,83.5*,96.5*,111.5,83.5*,84.5,—
30,2610,"Muthayammal Engineering College (Autonomous), Kakkaveri, Rasipuram (Tk), Namakkal District-637408.",ELECTRONICS AND COMMUNICATION ENGINEERING,136.5,91.5*,94.5*,108.0,81.0*,109.5*,101.5*
30,2610,"Muthayammal Engineering College (Autonomous), Kakkaveri, Rasipuram (Tk), Namakkal District-637408.",ELECTRICAL AND ELECTRONICS ENGINEERING,118.0,85.0*,116.5*,100.0,86.5*,101.5,—
30,2610,"Muthayammal Engineering College (Autonomous), Kakkaveri, Rasipuram (Tk), Namakkal District-637408.",Electronics Engineering (VLSI Design and Technology),103.0,96.0*,—,91.0,—,—,—
30,2610,"Muthayammal Engineering College (Autonomous), Kakkaveri, Rasipuram (Tk), Namakkal District-637408.",INFORMATION TECHNOLOGY,132.5,100.5*,—,112.5,100.5*,120.0*,—
30,2610,"Muthayammal Engineering College (Autonomous), Kakkaveri, Rasipuram (Tk), Namakkal District-637408.",MECHANICAL ENGINEERING,113.0,82.0*,—,96.5,85.0*,102.0*,—
30,2610,"Muthayammal Engineering College (Autonomous), Kakkaveri, Rasipuram (Tk), Namakkal District-637408.",Mechatronics Engineering,122.5,97.0*,116.5,96.5,88.0*,—,—
30,2610,"Muthayammal Engineering College (Autonomous), Kakkaveri, Rasipuram (Tk), Namakkal District-637408.",Computer Science and Engineering (Cyber Security),130.5,96.0*,—,105.5,111.5*,106.5,—
30,2611,"Paavai Engineering College (Autonomous), NH-7, Paavai Nagar, Pachal, Namakkal-637018.",Artificial Intelligence and Data Science,159.5,136.5,148.5,133.0,121.0,127.5,128.5
30,2611,"Paavai Engineering College (Autonomous), NH-7, Paavai Nagar, Pachal, Namakkal-637018.",AERONAUTICAL ENGINEERING,150.0,106.5,103.0,125.5,93.5,123.5,87.5
30,2611,"Paavai Engineering College (Autonomous), NH-7, Paavai Nagar, Pachal, Namakkal-637018.",AGRICULTURAL ENGINEERING,130.5,111.5*,—,110.0,91.0*,107.0*,85.0
